unique_id,ds,cutoff,yhat,y
NHITS_11KV_KUBERA,2026-05-11 22:36:00,2026-05-11 22:33:00,1.5746281,1.59
NHITS_11KV_KUBERA,2026-05-11 22:39:00,2026-05-11 22:33:00,1.6235161,1.6
NHITS_11KV_KUBERA,2026-05-11 22:42:00,2026-05-11 22:33:00,1.6416607,1.59
NHITS_11KV_KUBERA,2026-05-11 22:45:00,2026-05-11 22:33:00,1.7505007,1.6
NHITS_11KV_KUBERA,2026-05-11 22:48:00,2026-05-11 22:33:00,1.7025677,1.61
NHITS_11KV_KUBERA,2026-05-11 22:51:00,2026-05-11 22:33:00,1.5848337,1.58
NHITS_11KV_KUBERA,2026-05-11 22:54:00,2026-05-11 22:33:00,1.549482,1.58
NHITS_11KV_KUBERA,2026-05-11 22:57:00,2026-05-11 22:33:00,1.5180968,1.6
NHITS_11KV_KUBERA,2026-05-11 23:00:00,2026-05-11 22:33:00,1.669718,1.6
NHITS_11KV_KUBERA,2026-05-11 23:03:00,2026-05-11 22:33:00,1.681026,1.62
NHITS_11KV_KUBERA,2026-05-11 23:06:00,2026-05-11 22:33:00,1.691761,1.61
NHITS_11KV_KUBERA,2026-05-11 23:09:00,2026-05-11 22:33:00,1.6391901,1.6
NHITS_11KV_KUBERA,2026-05-11 23:12:00,2026-05-11 22:33:00,1.5318497,1.63
NHITS_11KV_KUBERA,2026-05-11 23:15:00,2026-05-11 22:33:00,1.5294932,1.62
NHITS_11KV_KUBERA,2026-05-11 23:18:00,2026-05-11 22:33:00,1.5512803,1.71
NHITS_11KV_KUBERA,2026-05-11 23:21:00,2026-05-11 22:33:00,1.535361,1.7
NHITS_11KV_KUBERA,2026-05-11 23:24:00,2026-05-11 22:33:00,1.4910461,1.71
NHITS_11KV_KUBERA,2026-05-11 23:27:00,2026-05-11 22:33:00,1.4840381,1.61
NHITS_11KV_KUBERA,2026-05-11 23:30:00,2026-05-11 22:33:00,1.3776548,1.64
NHITS_11KV_KUBERA,2026-05-11 23:33:00,2026-05-11 22:33:00,1.3455554,1.61
NHITS_11KV_KUBERA,2026-05-11 22:39:00,2026-05-11 22:36:00,1.5991389,1.6
NHITS_11KV_KUBERA,2026-05-11 22:42:00,2026-05-11 22:36:00,1.5928848,1.59
NHITS_11KV_KUBERA,2026-05-11 22:45:00,2026-05-11 22:36:00,1.5863206,1.6
NHITS_11KV_KUBERA,2026-05-11 22:48:00,2026-05-11 22:36:00,1.6968131,1.61
NHITS_11KV_KUBERA,2026-05-11 22:51:00,2026-05-11 22:36:00,1.6753306,1.58
NHITS_11KV_KUBERA,2026-05-11 22:54:00,2026-05-11 22:36:00,1.573033,1.58
NHITS_11KV_KUBERA,2026-05-11 22:57:00,2026-05-11 22:36:00,1.5141534,1.6
NHITS_11KV_KUBERA,2026-05-11 23:00:00,2026-05-11 22:36:00,1.4754763,1.6
NHITS_11KV_KUBERA,2026-05-11 23:03:00,2026-05-11 22:36:00,1.6218252,1.62
NHITS_11KV_KUBERA,2026-05-11 23:06:00,2026-05-11 22:36:00,1.6544527,1.61
NHITS_11KV_KUBERA,2026-05-11 23:09:00,2026-05-11 22:36:00,1.6743555,1.6
NHITS_11KV_KUBERA,2026-05-11 23:12:00,2026-05-11 22:36:00,1.6411315,1.63
NHITS_11KV_KUBERA,2026-05-11 23:15:00,2026-05-11 22:36:00,1.5392678,1.62
NHITS_11KV_KUBERA,2026-05-11 23:18:00,2026-05-11 22:36:00,1.5351113,1.71
NHITS_11KV_KUBERA,2026-05-11 23:21:00,2026-05-11 22:36:00,1.539686,1.7
NHITS_11KV_KUBERA,2026-05-11 23:24:00,2026-05-11 22:36:00,1.4970387,1.71
NHITS_11KV_KUBERA,2026-05-11 23:27:00,2026-05-11 22:36:00,1.4643034,1.61
NHITS_11KV_KUBERA,2026-05-11 23:30:00,2026-05-11 22:36:00,1.4581058,1.64
NHITS_11KV_KUBERA,2026-05-11 23:33:00,2026-05-11 22:36:00,1.3489683,1.61
NHITS_11KV_KUBERA,2026-05-11 23:36:00,2026-05-11 22:36:00,1.3134097,1.61
NHITS_11KV_KUBERA,2026-05-11 22:42:00,2026-05-11 22:39:00,1.5969427,1.59
NHITS_11KV_KUBERA,2026-05-11 22:45:00,2026-05-11 22:39:00,1.5706794,1.6
NHITS_11KV_KUBERA,2026-05-11 22:48:00,2026-05-11 22:39:00,1.5527374,1.61
NHITS_11KV_KUBERA,2026-05-11 22:51:00,2026-05-11 22:39:00,1.6648405,1.58
NHITS_11KV_KUBERA,2026-05-11 22:54:00,2026-05-11 22:39:00,1.6553998,1.58
NHITS_11KV_KUBERA,2026-05-11 22:57:00,2026-05-11 22:39:00,1.5586225,1.6
NHITS_11KV_KUBERA,2026-05-11 23:00:00,2026-05-11 22:39:00,1.4886702,1.6
NHITS_11KV_KUBERA,2026-05-11 23:03:00,2026-05-11 22:39:00,1.4417996,1.62
NHITS_11KV_KUBERA,2026-05-11 23:06:00,2026-05-11 22:39:00,1.5876691,1.61
NHITS_11KV_KUBERA,2026-05-11 23:09:00,2026-05-11 22:39:00,1.6260872,1.6
NHITS_11KV_KUBERA,2026-05-11 23:12:00,2026-05-11 22:39:00,1.6543736,1.63
NHITS_11KV_KUBERA,2026-05-11 23:15:00,2026-05-11 22:39:00,1.6330901,1.62
NHITS_11KV_KUBERA,2026-05-11 23:18:00,2026-05-11 22:39:00,1.5381517,1.71
NHITS_11KV_KUBERA,2026-05-11 23:21:00,2026-05-11 22:39:00,1.5399172,1.7
NHITS_11KV_KUBERA,2026-05-11 23:24:00,2026-05-11 22:39:00,1.5355442,1.71
NHITS_11KV_KUBERA,2026-05-11 23:27:00,2026-05-11 22:39:00,1.4882151,1.61
NHITS_11KV_KUBERA,2026-05-11 23:30:00,2026-05-11 22:39:00,1.4585797,1.64
NHITS_11KV_KUBERA,2026-05-11 23:33:00,2026-05-11 22:39:00,1.4529823,1.61
NHITS_11KV_KUBERA,2026-05-11 23:36:00,2026-05-11 22:39:00,1.3432639,1.61
NHITS_11KV_KUBERA,2026-05-11 23:39:00,2026-05-11 22:39:00,1.3105539,1.7
NHITS_11KV_KUBERA,2026-05-11 22:45:00,2026-05-11 22:42:00,1.5845126,1.6
NHITS_11KV_KUBERA,2026-05-11 22:48:00,2026-05-11 22:42:00,1.5749289,1.61
NHITS_11KV_KUBERA,2026-05-11 22:51:00,2026-05-11 22:42:00,1.5701551,1.58
NHITS_11KV_KUBERA,2026-05-11 22:54:00,2026-05-11 22:42:00,1.6864233,1.58
NHITS_11KV_KUBERA,2026-05-11 22:57:00,2026-05-11 22:42:00,1.6735921,1.6
NHITS_11KV_KUBERA,2026-05-11 23:00:00,2026-05-11 22:42:00,1.5728165,1.6
NHITS_11KV_KUBERA,2026-05-11 23:03:00,2026-05-11 22:42:00,1.5140876,1.62
NHITS_11KV_KUBERA,2026-05-11 23:06:00,2026-05-11 22:42:00,1.4713321,1.61
NHITS_11KV_KUBERA,2026-05-11 23:09:00,2026-05-11 22:42:00,1.6189939,1.6
NHITS_11KV_KUBERA,2026-05-11 23:12:00,2026-05-11 22:42:00,1.6503577,1.63
NHITS_11KV_KUBERA,2026-05-11 23:15:00,2026-05-11 22:42:00,1.6715465,1.62
NHITS_11KV_KUBERA,2026-05-11 23:18:00,2026-05-11 22:42:00,1.6427922,1.71
NHITS_11KV_KUBERA,2026-05-11 23:21:00,2026-05-11 22:42:00,1.541201,1.7
NHITS_11KV_KUBERA,2026-05-11 23:24:00,2026-05-11 22:42:00,1.5467123,1.71
NHITS_11KV_KUBERA,2026-05-11 23:27:00,2026-05-11 22:42:00,1.5533969,1.61
NHITS_11KV_KUBERA,2026-05-11 23:30:00,2026-05-11 22:42:00,1.5133294,1.64
NHITS_11KV_KUBERA,2026-05-11 23:33:00,2026-05-11 22:42:00,1.4796249,1.61
NHITS_11KV_KUBERA,2026-05-11 23:36:00,2026-05-11 22:42:00,1.4722193,1.61
NHITS_11KV_KUBERA,2026-05-11 23:39:00,2026-05-11 22:42:00,1.3574748,1.7
NHITS_11KV_KUBERA,2026-05-11 23:42:00,2026-05-11 22:42:00,1.3265196,1.7
NHITS_11KV_KUBERA,2026-05-11 22:48:00,2026-05-11 22:45:00,1.5864139,1.61
NHITS_11KV_KUBERA,2026-05-11 22:51:00,2026-05-11 22:45:00,1.6080136,1.58
NHITS_11KV_KUBERA,2026-05-11 22:54:00,2026-05-11 22:45:00,1.6151434,1.58
NHITS_11KV_KUBERA,2026-05-11 22:57:00,2026-05-11 22:45:00,1.7288177,1.6
NHITS_11KV_KUBERA,2026-05-11 23:00:00,2026-05-11 22:45:00,1.6919079,1.6
NHITS_11KV_KUBERA,2026-05-11 23:03:00,2026-05-11 22:45:00,1.5690095,1.62
NHITS_11KV_KUBERA,2026-05-11 23:06:00,2026-05-11 22:45:00,1.5112009,1.61
NHITS_11KV_KUBERA,2026-05-11 23:09:00,2026-05-11 22:45:00,1.4661268,1.6
NHITS_11KV_KUBERA,2026-05-11 23:12:00,2026-05-11 22:45:00,1.6161681,1.63
NHITS_11KV_KUBERA,2026-05-11 23:15:00,2026-05-11 22:45:00,1.639569,1.62
NHITS_11KV_KUBERA,2026-05-11 23:18:00,2026-05-11 22:45:00,1.6658075,1.71
NHITS_11KV_KUBERA,2026-05-11 23:21:00,2026-05-11 22:45:00,1.6417438,1.7
NHITS_11KV_KUBERA,2026-05-11 23:24:00,2026-05-11 22:45:00,1.5404552,1.71
NHITS_11KV_KUBERA,2026-05-11 23:27:00,2026-05-11 22:45:00,1.5525745,1.61
NHITS_11KV_KUBERA,2026-05-11 23:30:00,2026-05-11 22:45:00,1.5587118,1.64
NHITS_11KV_KUBERA,2026-05-11 23:33:00,2026-05-11 22:45:00,1.5182426,1.61
NHITS_11KV_KUBERA,2026-05-11 23:36:00,2026-05-11 22:45:00,1.47881,1.61
NHITS_11KV_KUBERA,2026-05-11 23:39:00,2026-05-11 22:45:00,1.4705557,1.7
NHITS_11KV_KUBERA,2026-05-11 23:42:00,2026-05-11 22:45:00,1.3549135,1.7
NHITS_11KV_KUBERA,2026-05-11 23:45:00,2026-05-11 22:45:00,1.3270036,1.69
NHITS_11KV_KUBERA,2026-05-11 22:51:00,2026-05-11 22:48:00,1.5945153,1.58
NHITS_11KV_KUBERA,2026-05-11 22:54:00,2026-05-11 22:48:00,1.6315436,1.58
NHITS_11KV_KUBERA,2026-05-11 22:57:00,2026-05-11 22:48:00,1.6325841,1.6
NHITS_11KV_KUBERA,2026-05-11 23:00:00,2026-05-11 22:48:00,1.7393069,1.6
NHITS_11KV_KUBERA,2026-05-11 23:03:00,2026-05-11 22:48:00,1.6893334,1.62
NHITS_11KV_KUBERA,2026-05-11 23:06:00,2026-05-11 22:48:00,1.5599372,1.61
NHITS_11KV_KUBERA,2026-05-11 23:09:00,2026-05-11 22:48:00,1.515224,1.6
NHITS_11KV_KUBERA,2026-05-11 23:12:00,2026-05-11 22:48:00,1.4825879,1.63
NHITS_11KV_KUBERA,2026-05-11 23:15:00,2026-05-11 22:48:00,1.6425493,1.62
NHITS_11KV_KUBERA,2026-05-11 23:18:00,2026-05-11 22:48:00,1.6607138,1.71
NHITS_11KV_KUBERA,2026-05-11 23:21:00,2026-05-11 22:48:00,1.6795323,1.7
NHITS_11KV_KUBERA,2026-05-11 23:24:00,2026-05-11 22:48:00,1.652012,1.71
NHITS_11KV_KUBERA,2026-05-11 23:27:00,2026-05-11 22:48:00,1.5457329,1.61
NHITS_11KV_KUBERA,2026-05-11 23:30:00,2026-05-11 22:48:00,1.559901,1.64
NHITS_11KV_KUBERA,2026-05-11 23:33:00,2026-05-11 22:48:00,1.5675714,1.61
NHITS_11KV_KUBERA,2026-05-11 23:36:00,2026-05-11 22:48:00,1.531508,1.61
NHITS_11KV_KUBERA,2026-05-11 23:39:00,2026-05-11 22:48:00,1.48893,1.7
NHITS_11KV_KUBERA,2026-05-11 23:42:00,2026-05-11 22:48:00,1.4813783,1.7
NHITS_11KV_KUBERA,2026-05-11 23:45:00,2026-05-11 22:48:00,1.3640643,1.69
NHITS_11KV_KUBERA,2026-05-11 23:48:00,2026-05-11 22:48:00,1.3371749,1.62
NHITS_11KV_KUBERA,2026-05-11 22:54:00,2026-05-11 22:51:00,1.5810866,1.58
NHITS_11KV_KUBERA,2026-05-11 22:57:00,2026-05-11 22:51:00,1.6092815,1.6
NHITS_11KV_KUBERA,2026-05-11 23:00:00,2026-05-11 22:51:00,1.5931813,1.6
NHITS_11KV_KUBERA,2026-05-11 23:03:00,2026-05-11 22:51:00,1.6816558,1.62
NHITS_11KV_KUBERA,2026-05-11 23:06:00,2026-05-11 22:51:00,1.6215653,1.61
NHITS_11KV_KUBERA,2026-05-11 23:09:00,2026-05-11 22:51:00,1.4897149,1.6
NHITS_11KV_KUBERA,2026-05-11 23:12:00,2026-05-11 22:51:00,1.4464891,1.63
NHITS_11KV_KUBERA,2026-05-11 23:15:00,2026-05-11 22:51:00,1.4208058,1.62
NHITS_11KV_KUBERA,2026-05-11 23:18:00,2026-05-11 22:51:00,1.5826024,1.71
NHITS_11KV_KUBERA,2026-05-11 23:21:00,2026-05-11 22:51:00,1.6060001,1.7
NHITS_11KV_KUBERA,2026-05-11 23:24:00,2026-05-11 22:51:00,1.627625,1.71
NHITS_11KV_KUBERA,2026-05-11 23:27:00,2026-05-11 22:51:00,1.6040229,1.61
NHITS_11KV_KUBERA,2026-05-11 23:30:00,2026-05-11 22:51:00,1.5048785,1.64
NHITS_11KV_KUBERA,2026-05-11 23:33:00,2026-05-11 22:51:00,1.5210487,1.61
NHITS_11KV_KUBERA,2026-05-11 23:36:00,2026-05-11 22:51:00,1.5300183,1.61
NHITS_11KV_KUBERA,2026-05-11 23:39:00,2026-05-11 22:51:00,1.493394,1.7
NHITS_11KV_KUBERA,2026-05-11 23:42:00,2026-05-11 22:51:00,1.4514765,1.7
NHITS_11KV_KUBERA,2026-05-11 23:45:00,2026-05-11 22:51:00,1.4435534,1.69
NHITS_11KV_KUBERA,2026-05-11 23:48:00,2026-05-11 22:51:00,1.3274256,1.62
NHITS_11KV_KUBERA,2026-05-11 23:51:00,2026-05-11 22:51:00,1.3033296,1.64
NHITS_11KV_KUBERA,2026-05-11 22:57:00,2026-05-11 22:54:00,1.6013359,1.6
NHITS_11KV_KUBERA,2026-05-11 23:00:00,2026-05-11 22:54:00,1.615017,1.6
NHITS_11KV_KUBERA,2026-05-11 23:03:00,2026-05-11 22:54:00,1.5966845,1.62
NHITS_11KV_KUBERA,2026-05-11 23:06:00,2026-05-11 22:54:00,1.6860437,1.61
NHITS_11KV_KUBERA,2026-05-11 23:09:00,2026-05-11 22:54:00,1.6389666,1.6
NHITS_11KV_KUBERA,2026-05-11 23:12:00,2026-05-11 22:54:00,1.5214951,1.63
NHITS_11KV_KUBERA,2026-05-11 23:15:00,2026-05-11 22:54:00,1.4717097,1.62
NHITS_11KV_KUBERA,2026-05-11 23:18:00,2026-05-11 22:54:00,1.4355619,1.71
NHITS_11KV_KUBERA,2026-05-11 23:21:00,2026-05-11 22:54:00,1.5819651,1.7
NHITS_11KV_KUBERA,2026-05-11 23:24:00,2026-05-11 22:54:00,1.6053185,1.71
NHITS_11KV_KUBERA,2026-05-11 23:27:00,2026-05-11 22:54:00,1.6234806,1.61
NHITS_11KV_KUBERA,2026-05-11 23:30:00,2026-05-11 22:54:00,1.601755,1.64
NHITS_11KV_KUBERA,2026-05-11 23:33:00,2026-05-11 22:54:00,1.507652,1.61
NHITS_11KV_KUBERA,2026-05-11 23:36:00,2026-05-11 22:54:00,1.5297687,1.61
NHITS_11KV_KUBERA,2026-05-11 23:39:00,2026-05-11 22:54:00,1.5516737,1.7
NHITS_11KV_KUBERA,2026-05-11 23:42:00,2026-05-11 22:54:00,1.5180221,1.7
NHITS_11KV_KUBERA,2026-05-11 23:45:00,2026-05-11 22:54:00,1.4825405,1.69
NHITS_11KV_KUBERA,2026-05-11 23:48:00,2026-05-11 22:54:00,1.4759442,1.62
NHITS_11KV_KUBERA,2026-05-11 23:51:00,2026-05-11 22:54:00,1.3603727,1.64
NHITS_11KV_KUBERA,2026-05-11 23:54:00,2026-05-11 22:54:00,1.3353143,1.68
NHITS_11KV_KUBERA,2026-05-11 23:00:00,2026-05-11 22:57:00,1.6117127,1.6
NHITS_11KV_KUBERA,2026-05-11 23:03:00,2026-05-11 22:57:00,1.6083775,1.62
NHITS_11KV_KUBERA,2026-05-11 23:06:00,2026-05-11 22:57:00,1.5776091,1.61
NHITS_11KV_KUBERA,2026-05-11 23:09:00,2026-05-11 22:57:00,1.6644429,1.6
NHITS_11KV_KUBERA,2026-05-11 23:12:00,2026-05-11 22:57:00,1.6261294,1.63
NHITS_11KV_KUBERA,2026-05-11 23:15:00,2026-05-11 22:57:00,1.5177553,1.62
NHITS_11KV_KUBERA,2026-05-11 23:18:00,2026-05-11 22:57:00,1.467592,1.71
NHITS_11KV_KUBERA,2026-05-11 23:21:00,2026-05-11 22:57:00,1.4326538,1.7
NHITS_11KV_KUBERA,2026-05-11 23:24:00,2026-05-11 22:57:00,1.5800285,1.71
NHITS_11KV_KUBERA,2026-05-11 23:27:00,2026-05-11 22:57:00,1.6145964,1.61
NHITS_11KV_KUBERA,2026-05-11 23:30:00,2026-05-11 22:57:00,1.6365759,1.64
NHITS_11KV_KUBERA,2026-05-11 23:33:00,2026-05-11 22:57:00,1.6215525,1.61
NHITS_11KV_KUBERA,2026-05-11 23:36:00,2026-05-11 22:57:00,1.529128,1.61
NHITS_11KV_KUBERA,2026-05-11 23:39:00,2026-05-11 22:57:00,1.5472914,1.7
NHITS_11KV_KUBERA,2026-05-11 23:42:00,2026-05-11 22:57:00,1.5579371,1.7
NHITS_11KV_KUBERA,2026-05-11 23:45:00,2026-05-11 22:57:00,1.520694,1.69
NHITS_11KV_KUBERA,2026-05-11 23:48:00,2026-05-11 22:57:00,1.4934782,1.62
NHITS_11KV_KUBERA,2026-05-11 23:51:00,2026-05-11 22:57:00,1.4969049,1.64
NHITS_11KV_KUBERA,2026-05-11 23:54:00,2026-05-11 22:57:00,1.3906171,1.68
NHITS_11KV_KUBERA,2026-05-11 23:57:00,2026-05-11 22:57:00,1.3714597,1.67
NHITS_11KV_KUBERA,2026-05-11 23:03:00,2026-05-11 23:00:00,1.6189002,1.62
NHITS_11KV_KUBERA,2026-05-11 23:06:00,2026-05-11 23:00:00,1.6439974,1.61
NHITS_11KV_KUBERA,2026-05-11 23:09:00,2026-05-11 23:00:00,1.6237955,1.6
NHITS_11KV_KUBERA,2026-05-11 23:12:00,2026-05-11 23:00:00,1.7090769,1.63
NHITS_11KV_KUBERA,2026-05-11 23:15:00,2026-05-11 23:00:00,1.6562824,1.62
NHITS_11KV_KUBERA,2026-05-11 23:18:00,2026-05-11 23:00:00,1.5358838,1.71
NHITS_11KV_KUBERA,2026-05-11 23:21:00,2026-05-11 23:00:00,1.4905719,1.7
NHITS_11KV_KUBERA,2026-05-11 23:24:00,2026-05-11 23:00:00,1.4546813,1.71
NHITS_11KV_KUBERA,2026-05-11 23:27:00,2026-05-11 23:00:00,1.6003008,1.61
NHITS_11KV_KUBERA,2026-05-11 23:30:00,2026-05-11 23:00:00,1.6257102,1.64
NHITS_11KV_KUBERA,2026-05-11 23:33:00,2026-05-11 23:00:00,1.6390563,1.61
NHITS_11KV_KUBERA,2026-05-11 23:36:00,2026-05-11 23:00:00,1.6269478,1.61
NHITS_11KV_KUBERA,2026-05-11 23:39:00,2026-05-11 23:00:00,1.5385528,1.7
NHITS_11KV_KUBERA,2026-05-11 23:42:00,2026-05-11 23:00:00,1.5652823,1.7
NHITS_11KV_KUBERA,2026-05-11 23:45:00,2026-05-11 23:00:00,1.5833131,1.69
NHITS_11KV_KUBERA,2026-05-11 23:48:00,2026-05-11 23:00:00,1.5552356,1.62
NHITS_11KV_KUBERA,2026-05-11 23:51:00,2026-05-11 23:00:00,1.5245761,1.64
NHITS_11KV_KUBERA,2026-05-11 23:54:00,2026-05-11 23:00:00,1.5256604,1.68
NHITS_11KV_KUBERA,2026-05-11 23:57:00,2026-05-11 23:00:00,1.4144053,1.67
NHITS_11KV_KUBERA,2026-05-12 00:00:00,2026-05-11 23:00:00,1.3918552,1.67
NHITS_11KV_KUBERA,2026-05-11 23:06:00,2026-05-11 23:03:00,1.6298219,1.61
NHITS_11KV_KUBERA,2026-05-11 23:09:00,2026-05-11 23:03:00,1.6894966,1.6
NHITS_11KV_KUBERA,2026-05-11 23:12:00,2026-05-11 23:03:00,1.6767201,1.63
NHITS_11KV_KUBERA,2026-05-11 23:15:00,2026-05-11 23:03:00,1.7564247,1.62
NHITS_11KV_KUBERA,2026-05-11 23:18:00,2026-05-11 23:03:00,1.6866043,1.71
NHITS_11KV_KUBERA,2026-05-11 23:21:00,2026-05-11 23:03:00,1.5556663,1.7
NHITS_11KV_KUBERA,2026-05-11 23:24:00,2026-05-11 23:03:00,1.5261726,1.71
NHITS_11KV_KUBERA,2026-05-11 23:27:00,2026-05-11 23:03:00,1.4948804,1.61
NHITS_11KV_KUBERA,2026-05-11 23:30:00,2026-05-11 23:03:00,1.642569,1.64
NHITS_11KV_KUBERA,2026-05-11 23:33:00,2026-05-11 23:03:00,1.649098,1.61
NHITS_11KV_KUBERA,2026-05-11 23:36:00,2026-05-11 23:03:00,1.6547036,1.61
NHITS_11KV_KUBERA,2026-05-11 23:39:00,2026-05-11 23:03:00,1.6372064,1.7
NHITS_11KV_KUBERA,2026-05-11 23:42:00,2026-05-11 23:03:00,1.546822,1.7
NHITS_11KV_KUBERA,2026-05-11 23:45:00,2026-05-11 23:03:00,1.5805724,1.69
NHITS_11KV_KUBERA,2026-05-11 23:48:00,2026-05-11 23:03:00,1.6048355,1.62
NHITS_11KV_KUBERA,2026-05-11 23:51:00,2026-05-11 23:03:00,1.5950711,1.64
NHITS_11KV_KUBERA,2026-05-11 23:54:00,2026-05-11 23:03:00,1.565763,1.68
NHITS_11KV_KUBERA,2026-05-11 23:57:00,2026-05-11 23:03:00,1.5720623,1.67
NHITS_11KV_KUBERA,2026-05-12 00:00:00,2026-05-11 23:03:00,1.4619427,1.67
NHITS_11KV_KUBERA,2026-05-12 00:03:00,2026-05-11 23:03:00,1.4433601,1.65
NHITS_11KV_KUBERA,2026-05-11 23:09:00,2026-05-11 23:06:00,1.6341976,1.6
NHITS_11KV_KUBERA,2026-05-11 23:12:00,2026-05-11 23:06:00,1.7023094,1.63
NHITS_11KV_KUBERA,2026-05-11 23:15:00,2026-05-11 23:06:00,1.6894103,1.62
NHITS_11KV_KUBERA,2026-05-11 23:18:00,2026-05-11 23:06:00,1.7627821,1.71
NHITS_11KV_KUBERA,2026-05-11 23:21:00,2026-05-11 23:06:00,1.6766878,1.7
NHITS_11KV_KUBERA,2026-05-11 23:24:00,2026-05-11 23:06:00,1.5359902,1.71
NHITS_11KV_KUBERA,2026-05-11 23:27:00,2026-05-11 23:06:00,1.508136,1.61
NHITS_11KV_KUBERA,2026-05-11 23:30:00,2026-05-11 23:06:00,1.4774544,1.64
NHITS_11KV_KUBERA,2026-05-11 23:33:00,2026-05-11 23:06:00,1.6227905,1.61
NHITS_11KV_KUBERA,2026-05-11 23:36:00,2026-05-11 23:06:00,1.6215595,1.61
NHITS_11KV_KUBERA,2026-05-11 23:39:00,2026-05-11 23:06:00,1.6218879,1.7
NHITS_11KV_KUBERA,2026-05-11 23:42:00,2026-05-11 23:06:00,1.6069019,1.7
NHITS_11KV_KUBERA,2026-05-11 23:45:00,2026-05-11 23:06:00,1.5204079,1.69
NHITS_11KV_KUBERA,2026-05-11 23:48:00,2026-05-11 23:06:00,1.5641319,1.62
NHITS_11KV_KUBERA,2026-05-11 23:51:00,2026-05-11 23:06:00,1.5940733,1.64
NHITS_11KV_KUBERA,2026-05-11 23:54:00,2026-05-11 23:06:00,1.5900128,1.68
NHITS_11KV_KUBERA,2026-05-11 23:57:00,2026-05-11 23:06:00,1.5594442,1.67
NHITS_11KV_KUBERA,2026-05-12 00:00:00,2026-05-11 23:06:00,1.5658553,1.67
NHITS_11KV_KUBERA,2026-05-12 00:03:00,2026-05-11 23:06:00,1.4514209,1.65
NHITS_11KV_KUBERA,2026-05-12 00:06:00,2026-05-11 23:06:00,1.4336367,1.66
NHITS_11KV_KUBERA,2026-05-11 23:12:00,2026-05-11 23:09:00,1.6328528,1.63
NHITS_11KV_KUBERA,2026-05-11 23:15:00,2026-05-11 23:09:00,1.704185,1.62
NHITS_11KV_KUBERA,2026-05-11 23:18:00,2026-05-11 23:09:00,1.6844709,1.71
NHITS_11KV_KUBERA,2026-05-11 23:21:00,2026-05-11 23:09:00,1.7476244,1.7
NHITS_11KV_KUBERA,2026-05-11 23:24:00,2026-05-11 23:09:00,1.6565042,1.71
NHITS_11KV_KUBERA,2026-05-11 23:27:00,2026-05-11 23:09:00,1.5172762,1.61
NHITS_11KV_KUBERA,2026-05-11 23:30:00,2026-05-11 23:09:00,1.4952017,1.64
NHITS_11KV_KUBERA,2026-05-11 23:33:00,2026-05-11 23:09:00,1.4656253,1.61
NHITS_11KV_KUBERA,2026-05-11 23:36:00,2026-05-11 23:09:00,1.6048989,1.61
NHITS_11KV_KUBERA,2026-05-11 23:39:00,2026-05-11 23:09:00,1.6005013,1.7
NHITS_11KV_KUBERA,2026-05-11 23:42:00,2026-05-11 23:09:00,1.5977086,1.7
NHITS_11KV_KUBERA,2026-05-11 23:45:00,2026-05-11 23:09:00,1.5861107,1.69
NHITS_11KV_KUBERA,2026-05-11 23:48:00,2026-05-11 23:09:00,1.5081581,1.62
NHITS_11KV_KUBERA,2026-05-11 23:51:00,2026-05-11 23:09:00,1.555963,1.64
NHITS_11KV_KUBERA,2026-05-11 23:54:00,2026-05-11 23:09:00,1.5924169,1.68
NHITS_11KV_KUBERA,2026-05-11 23:57:00,2026-05-11 23:09:00,1.5959396,1.67
NHITS_11KV_KUBERA,2026-05-12 00:00:00,2026-05-11 23:09:00,1.5676696,1.67
NHITS_11KV_KUBERA,2026-05-12 00:03:00,2026-05-11 23:09:00,1.5741946,1.65
NHITS_11KV_KUBERA,2026-05-12 00:06:00,2026-05-11 23:09:00,1.4604963,1.66
NHITS_11KV_KUBERA,2026-05-12 00:09:00,2026-05-11 23:09:00,1.442952,1.55
NHITS_11KV_KUBERA,2026-05-11 23:15:00,2026-05-11 23:12:00,1.6635348,1.62
NHITS_11KV_KUBERA,2026-05-11 23:18:00,2026-05-11 23:12:00,1.7015262,1.71
NHITS_11KV_KUBERA,2026-05-11 23:21:00,2026-05-11 23:12:00,1.6638921,1.7
NHITS_11KV_KUBERA,2026-05-11 23:24:00,2026-05-11 23:12:00,1.7182038,1.71
NHITS_11KV_KUBERA,2026-05-11 23:27:00,2026-05-11 23:12:00,1.637911,1.61
NHITS_11KV_KUBERA,2026-05-11 23:30:00,2026-05-11 23:12:00,1.5076921,1.64
NHITS_11KV_KUBERA,2026-05-11 23:33:00,2026-05-11 23:12:00,1.4732684,1.61
NHITS_11KV_KUBERA,2026-05-11 23:36:00,2026-05-11 23:12:00,1.4376783,1.61
NHITS_11KV_KUBERA,2026-05-11 23:39:00,2026-05-11 23:12:00,1.5594702,1.7
NHITS_11KV_KUBERA,2026-05-11 23:42:00,2026-05-11 23:12:00,1.5629708,1.7
NHITS_11KV_KUBERA,2026-05-11 23:45:00,2026-05-11 23:12:00,1.5619532,1.69
NHITS_11KV_KUBERA,2026-05-11 23:48:00,2026-05-11 23:12:00,1.5669822,1.62
NHITS_11KV_KUBERA,2026-05-11 23:51:00,2026-05-11 23:12:00,1.5049031,1.64
NHITS_11KV_KUBERA,2026-05-11 23:54:00,2026-05-11 23:12:00,1.5581166,1.68
NHITS_11KV_KUBERA,2026-05-11 23:57:00,2026-05-11 23:12:00,1.5870434,1.67
NHITS_11KV_KUBERA,2026-05-12 00:00:00,2026-05-11 23:12:00,1.5792874,1.67
NHITS_11KV_KUBERA,2026-05-12 00:03:00,2026-05-11 23:12:00,1.5614536,1.65
NHITS_11KV_KUBERA,2026-05-12 00:06:00,2026-05-11 23:12:00,1.569548,1.66
NHITS_11KV_KUBERA,2026-05-12 00:09:00,2026-05-11 23:12:00,1.4560224,1.55
NHITS_11KV_KUBERA,2026-05-12 00:12:00,2026-05-11 23:12:00,1.4378998,1.55
NHITS_11KV_KUBERA,2026-05-11 23:18:00,2026-05-11 23:15:00,1.6568737,1.71
NHITS_11KV_KUBERA,2026-05-11 23:21:00,2026-05-11 23:15:00,1.6937374,1.7
NHITS_11KV_KUBERA,2026-05-11 23:24:00,2026-05-11 23:15:00,1.6543794,1.71
NHITS_11KV_KUBERA,2026-05-11 23:27:00,2026-05-11 23:15:00,1.7082709,1.61
NHITS_11KV_KUBERA,2026-05-11 23:30:00,2026-05-11 23:15:00,1.6323888,1.64
NHITS_11KV_KUBERA,2026-05-11 23:33:00,2026-05-11 23:15:00,1.5091251,1.61
NHITS_11KV_KUBERA,2026-05-11 23:36:00,2026-05-11 23:15:00,1.473349,1.61
NHITS_11KV_KUBERA,2026-05-11 23:39:00,2026-05-11 23:15:00,1.4378014,1.7
NHITS_11KV_KUBERA,2026-05-11 23:42:00,2026-05-11 23:15:00,1.5587848,1.7
NHITS_11KV_KUBERA,2026-05-11 23:45:00,2026-05-11 23:15:00,1.5697027,1.69
NHITS_11KV_KUBERA,2026-05-11 23:48:00,2026-05-11 23:15:00,1.566011,1.62
NHITS_11KV_KUBERA,2026-05-11 23:51:00,2026-05-11 23:15:00,1.5793725,1.64
NHITS_11KV_KUBERA,2026-05-11 23:54:00,2026-05-11 23:15:00,1.5195501,1.68
NHITS_11KV_KUBERA,2026-05-11 23:57:00,2026-05-11 23:15:00,1.57563,1.67
NHITS_11KV_KUBERA,2026-05-12 00:00:00,2026-05-11 23:15:00,1.6108103,1.67
NHITS_11KV_KUBERA,2026-05-12 00:03:00,2026-05-11 23:15:00,1.604655,1.65
NHITS_11KV_KUBERA,2026-05-12 00:06:00,2026-05-11 23:15:00,1.5889088,1.66
NHITS_11KV_KUBERA,2026-05-12 00:09:00,2026-05-11 23:15:00,1.598613,1.55
NHITS_11KV_KUBERA,2026-05-12 00:12:00,2026-05-11 23:15:00,1.4870399,1.55
NHITS_11KV_KUBERA,2026-05-12 00:15:00,2026-05-11 23:15:00,1.4646889,1.55
NHITS_11KV_KUBERA,2026-05-11 23:21:00,2026-05-11 23:18:00,1.7287929,1.7
NHITS_11KV_KUBERA,2026-05-11 23:24:00,2026-05-11 23:18:00,1.7406327,1.71
NHITS_11KV_KUBERA,2026-05-11 23:27:00,2026-05-11 23:18:00,1.690129,1.61
NHITS_11KV_KUBERA,2026-05-11 23:30:00,2026-05-11 23:18:00,1.7381586,1.64
NHITS_11KV_KUBERA,2026-05-11 23:33:00,2026-05-11 23:18:00,1.6643538,1.61
NHITS_11KV_KUBERA,2026-05-11 23:36:00,2026-05-11 23:18:00,1.5369611,1.61
NHITS_11KV_KUBERA,2026-05-11 23:39:00,2026-05-11 23:18:00,1.4894712,1.7
NHITS_11KV_KUBERA,2026-05-11 23:42:00,2026-05-11 23:18:00,1.4532641,1.7
NHITS_11KV_KUBERA,2026-05-11 23:45:00,2026-05-11 23:18:00,1.566227,1.69
NHITS_11KV_KUBERA,2026-05-11 23:48:00,2026-05-11 23:18:00,1.5832201,1.62
NHITS_11KV_KUBERA,2026-05-11 23:51:00,2026-05-11 23:18:00,1.5848173,1.64
NHITS_11KV_KUBERA,2026-05-11 23:54:00,2026-05-11 23:18:00,1.6105354,1.68
NHITS_11KV_KUBERA,2026-05-11 23:57:00,2026-05-11 23:18:00,1.56181,1.67
NHITS_11KV_KUBERA,2026-05-12 00:00:00,2026-05-11 23:18:00,1.6174965,1.67
NHITS_11KV_KUBERA,2026-05-12 00:03:00,2026-05-11 23:18:00,1.6341727,1.65
NHITS_11KV_KUBERA,2026-05-12 00:06:00,2026-05-11 23:18:00,1.6084254,1.66
NHITS_11KV_KUBERA,2026-05-12 00:09:00,2026-05-11 23:18:00,1.5895976,1.55
NHITS_11KV_KUBERA,2026-05-12 00:12:00,2026-05-11 23:18:00,1.5975684,1.55
NHITS_11KV_KUBERA,2026-05-12 00:15:00,2026-05-11 23:18:00,1.4809974,1.55
NHITS_11KV_KUBERA,2026-05-12 00:18:00,2026-05-11 23:18:00,1.4548734,1.63
NHITS_11KV_KUBERA,2026-05-11 23:24:00,2026-05-11 23:21:00,1.7065506,1.71
NHITS_11KV_KUBERA,2026-05-11 23:27:00,2026-05-11 23:21:00,1.7462568,1.61
NHITS_11KV_KUBERA,2026-05-11 23:30:00,2026-05-11 23:21:00,1.7083281,1.64
NHITS_11KV_KUBERA,2026-05-11 23:33:00,2026-05-11 23:21:00,1.7528279,1.61
NHITS_11KV_KUBERA,2026-05-11 23:36:00,2026-05-11 23:21:00,1.6599059,1.61
NHITS_11KV_KUBERA,2026-05-11 23:39:00,2026-05-11 23:21:00,1.5192096,1.7
NHITS_11KV_KUBERA,2026-05-11 23:42:00,2026-05-11 23:21:00,1.4802756,1.7
NHITS_11KV_KUBERA,2026-05-11 23:45:00,2026-05-11 23:21:00,1.4481455,1.69
NHITS_11KV_KUBERA,2026-05-11 23:48:00,2026-05-11 23:21:00,1.5709883,1.62
NHITS_11KV_KUBERA,2026-05-11 23:51:00,2026-05-11 23:21:00,1.5796729,1.64
NHITS_11KV_KUBERA,2026-05-11 23:54:00,2026-05-11 23:21:00,1.5787542,1.68
NHITS_11KV_KUBERA,2026-05-11 23:57:00,2026-05-11 23:21:00,1.6050544,1.67
NHITS_11KV_KUBERA,2026-05-12 00:00:00,2026-05-11 23:21:00,1.5546377,1.67
NHITS_11KV_KUBERA,2026-05-12 00:03:00,2026-05-11 23:21:00,1.6156257,1.65
NHITS_11KV_KUBERA,2026-05-12 00:06:00,2026-05-11 23:21:00,1.6321335,1.66
NHITS_11KV_KUBERA,2026-05-12 00:09:00,2026-05-11 23:21:00,1.6138195,1.55
NHITS_11KV_KUBERA,2026-05-12 00:12:00,2026-05-11 23:21:00,1.5953445,1.55
NHITS_11KV_KUBERA,2026-05-12 00:15:00,2026-05-11 23:21:00,1.6056173,1.55
NHITS_11KV_KUBERA,2026-05-12 00:18:00,2026-05-11 23:21:00,1.4876746,1.63
NHITS_11KV_KUBERA,2026-05-12 00:21:00,2026-05-11 23:21:00,1.4647222,1.62
NHITS_11KV_KUBERA,2026-05-11 23:27:00,2026-05-11 23:24:00,1.7011831,1.61
NHITS_11KV_KUBERA,2026-05-11 23:30:00,2026-05-11 23:24:00,1.7612545,1.64
NHITS_11KV_KUBERA,2026-05-11 23:33:00,2026-05-11 23:24:00,1.7285432,1.61
NHITS_11KV_KUBERA,2026-05-11 23:36:00,2026-05-11 23:24:00,1.7747821,1.61
NHITS_11KV_KUBERA,2026-05-11 23:39:00,2026-05-11 23:24:00,1.6711638,1.7
NHITS_11KV_KUBERA,2026-05-11 23:42:00,2026-05-11 23:24:00,1.5264792,1.7
NHITS_11KV_KUBERA,2026-05-11 23:45:00,2026-05-11 23:24:00,1.5032816,1.69
NHITS_11KV_KUBERA,2026-05-11 23:48:00,2026-05-11 23:24:00,1.4794148,1.62
NHITS_11KV_KUBERA,2026-05-11 23:51:00,2026-05-11 23:24:00,1.6090138,1.64
NHITS_11KV_KUBERA,2026-05-11 23:54:00,2026-05-11 23:24:00,1.6073499,1.68
NHITS_11KV_KUBERA,2026-05-11 23:57:00,2026-05-11 23:24:00,1.6005569,1.67
NHITS_11KV_KUBERA,2026-05-12 00:00:00,2026-05-11 23:24:00,1.6192515,1.67
NHITS_11KV_KUBERA,2026-05-12 00:03:00,2026-05-11 23:24:00,1.5630331,1.65
NHITS_11KV_KUBERA,2026-05-12 00:06:00,2026-05-11 23:24:00,1.6226113,1.66
NHITS_11KV_KUBERA,2026-05-12 00:09:00,2026-05-11 23:24:00,1.6412156,1.55
NHITS_11KV_KUBERA,2026-05-12 00:12:00,2026-05-11 23:24:00,1.6324557,1.55
NHITS_11KV_KUBERA,2026-05-12 00:15:00,2026-05-11 23:24:00,1.6112618,1.55
NHITS_11KV_KUBERA,2026-05-12 00:18:00,2026-05-11 23:24:00,1.6295567,1.63
NHITS_11KV_KUBERA,2026-05-12 00:21:00,2026-05-11 23:24:00,1.5184301,1.62
NHITS_11KV_KUBERA,2026-05-12 00:24:00,2026-05-11 23:24:00,1.4986315,1.62
NHITS_11KV_KUBERA,2026-05-11 23:30:00,2026-05-11 23:27:00,1.6020193,1.64
NHITS_11KV_KUBERA,2026-05-11 23:33:00,2026-05-11 23:27:00,1.6991727,1.61
NHITS_11KV_KUBERA,2026-05-11 23:36:00,2026-05-11 23:27:00,1.674139,1.61
NHITS_11KV_KUBERA,2026-05-11 23:39:00,2026-05-11 23:27:00,1.7149314,1.7
NHITS_11KV_KUBERA,2026-05-11 23:42:00,2026-05-11 23:27:00,1.5967166,1.7
NHITS_11KV_KUBERA,2026-05-11 23:45:00,2026-05-11 23:27:00,1.4476187,1.69
NHITS_11KV_KUBERA,2026-05-11 23:48:00,2026-05-11 23:27:00,1.4497826,1.62
NHITS_11KV_KUBERA,2026-05-11 23:51:00,2026-05-11 23:27:00,1.4340253,1.64
NHITS_11KV_KUBERA,2026-05-11 23:54:00,2026-05-11 23:27:00,1.5679778,1.68
NHITS_11KV_KUBERA,2026-05-11 23:57:00,2026-05-11 23:27:00,1.555131,1.67
NHITS_11KV_KUBERA,2026-05-12 00:00:00,2026-05-11 23:27:00,1.5385275,1.67
NHITS_11KV_KUBERA,2026-05-12 00:03:00,2026-05-11 23:27:00,1.5449474,1.65
NHITS_11KV_KUBERA,2026-05-12 00:06:00,2026-05-11 23:27:00,1.4738232,1.66
NHITS_11KV_KUBERA,2026-05-12 00:09:00,2026-05-11 23:27:00,1.5330169,1.55
NHITS_11KV_KUBERA,2026-05-12 00:12:00,2026-05-11 23:27:00,1.5644293,1.55
NHITS_11KV_KUBERA,2026-05-12 00:15:00,2026-05-11 23:27:00,1.575124,1.55
NHITS_11KV_KUBERA,2026-05-12 00:18:00,2026-05-11 23:27:00,1.5524927,1.63
NHITS_11KV_KUBERA,2026-05-12 00:21:00,2026-05-11 23:27:00,1.5712047,1.62
NHITS_11KV_KUBERA,2026-05-12 00:24:00,2026-05-11 23:27:00,1.4604967,1.62
NHITS_11KV_KUBERA,2026-05-12 00:27:00,2026-05-11 23:27:00,1.4395323,1.6
NHITS_11KV_KUBERA,2026-05-11 23:33:00,2026-05-11 23:30:00,1.6465505,1.61
NHITS_11KV_KUBERA,2026-05-11 23:36:00,2026-05-11 23:30:00,1.71309,1.61
NHITS_11KV_KUBERA,2026-05-11 23:39:00,2026-05-11 23:30:00,1.6822972,1.7
NHITS_11KV_KUBERA,2026-05-11 23:42:00,2026-05-11 23:30:00,1.7299988,1.7
NHITS_11KV_KUBERA,2026-05-11 23:45:00,2026-05-11 23:30:00,1.6364926,1.69
NHITS_11KV_KUBERA,2026-05-11 23:48:00,2026-05-11 23:30:00,1.5049963,1.62
NHITS_11KV_KUBERA,2026-05-11 23:51:00,2026-05-11 23:30:00,1.4950725,1.64
NHITS_11KV_KUBERA,2026-05-11 23:54:00,2026-05-11 23:30:00,1.4729717,1.68
NHITS_11KV_KUBERA,2026-05-11 23:57:00,2026-05-11 23:30:00,1.5918672,1.67
NHITS_11KV_KUBERA,2026-05-12 00:00:00,2026-05-11 23:30:00,1.5837946,1.67
NHITS_11KV_KUBERA,2026-05-12 00:03:00,2026-05-11 23:30:00,1.5570953,1.65
NHITS_11KV_KUBERA,2026-05-12 00:06:00,2026-05-11 23:30:00,1.568434,1.66
NHITS_11KV_KUBERA,2026-05-12 00:09:00,2026-05-11 23:30:00,1.5032222,1.55
NHITS_11KV_KUBERA,2026-05-12 00:12:00,2026-05-11 23:30:00,1.570176,1.55
NHITS_11KV_KUBERA,2026-05-12 00:15:00,2026-05-11 23:30:00,1.6158834,1.55
NHITS_11KV_KUBERA,2026-05-12 00:18:00,2026-05-11 23:30:00,1.626138,1.63
NHITS_11KV_KUBERA,2026-05-12 00:21:00,2026-05-11 23:30:00,1.6191353,1.62
NHITS_11KV_KUBERA,2026-05-12 00:24:00,2026-05-11 23:30:00,1.6429737,1.62
NHITS_11KV_KUBERA,2026-05-12 00:27:00,2026-05-11 23:30:00,1.5272936,1.6
NHITS_11KV_KUBERA,2026-05-12 00:30:00,2026-05-11 23:30:00,1.4998827,1.61
NHITS_11KV_KUBERA,2026-05-11 23:36:00,2026-05-11 23:33:00,1.6157566,1.61
NHITS_11KV_KUBERA,2026-05-11 23:39:00,2026-05-11 23:33:00,1.6958592,1.7
NHITS_11KV_KUBERA,2026-05-11 23:42:00,2026-05-11 23:33:00,1.6611221,1.7
NHITS_11KV_KUBERA,2026-05-11 23:45:00,2026-05-11 23:33:00,1.6974425,1.69
NHITS_11KV_KUBERA,2026-05-11 23:48:00,2026-05-11 23:33:00,1.6052148,1.62
NHITS_11KV_KUBERA,2026-05-11 23:51:00,2026-05-11 23:33:00,1.4827144,1.64
NHITS_11KV_KUBERA,2026-05-11 23:54:00,2026-05-11 23:33:00,1.4864343,1.68
NHITS_11KV_KUBERA,2026-05-11 23:57:00,2026-05-11 23:33:00,1.4701731,1.67
NHITS_11KV_KUBERA,2026-05-12 00:00:00,2026-05-11 23:33:00,1.5924611,1.67
NHITS_11KV_KUBERA,2026-05-12 00:03:00,2026-05-11 23:33:00,1.5820444,1.65
NHITS_11KV_KUBERA,2026-05-12 00:06:00,2026-05-11 23:33:00,1.5467924,1.66
NHITS_11KV_KUBERA,2026-05-12 00:09:00,2026-05-11 23:33:00,1.551868,1.55
NHITS_11KV_KUBERA,2026-05-12 00:12:00,2026-05-11 23:33:00,1.4868492,1.55
NHITS_11KV_KUBERA,2026-05-12 00:15:00,2026-05-11 23:33:00,1.5514255,1.55
NHITS_11KV_KUBERA,2026-05-12 00:18:00,2026-05-11 23:33:00,1.599498,1.63
NHITS_11KV_KUBERA,2026-05-12 00:21:00,2026-05-11 23:33:00,1.6213582,1.62
NHITS_11KV_KUBERA,2026-05-12 00:24:00,2026-05-11 23:33:00,1.6160898,1.62
NHITS_11KV_KUBERA,2026-05-12 00:27:00,2026-05-11 23:33:00,1.6421801,1.6
NHITS_11KV_KUBERA,2026-05-12 00:30:00,2026-05-11 23:33:00,1.534233,1.61
NHITS_11KV_KUBERA,2026-05-12 00:33:00,2026-05-11 23:33:00,1.5082238,1.61
NHITS_11KV_KUBERA,2026-05-11 23:39:00,2026-05-11 23:36:00,1.6186131,1.7
NHITS_11KV_KUBERA,2026-05-11 23:42:00,2026-05-11 23:36:00,1.7046977,1.7
NHITS_11KV_KUBERA,2026-05-11 23:45:00,2026-05-11 23:36:00,1.6866528,1.69
NHITS_11KV_KUBERA,2026-05-11 23:48:00,2026-05-11 23:36:00,1.7327596,1.62
NHITS_11KV_KUBERA,2026-05-11 23:51:00,2026-05-11 23:36:00,1.6475619,1.64
NHITS_11KV_KUBERA,2026-05-11 23:54:00,2026-05-11 23:36:00,1.524653,1.68
NHITS_11KV_KUBERA,2026-05-11 23:57:00,2026-05-11 23:36:00,1.514771,1.67
NHITS_11KV_KUBERA,2026-05-12 00:00:00,2026-05-11 23:36:00,1.4848595,1.67
NHITS_11KV_KUBERA,2026-05-12 00:03:00,2026-05-11 23:36:00,1.6025653,1.65
NHITS_11KV_KUBERA,2026-05-12 00:06:00,2026-05-11 23:36:00,1.5854759,1.66
NHITS_11KV_KUBERA,2026-05-12 00:09:00,2026-05-11 23:36:00,1.5545373,1.55
NHITS_11KV_KUBERA,2026-05-12 00:12:00,2026-05-11 23:36:00,1.56337,1.55
NHITS_11KV_KUBERA,2026-05-12 00:15:00,2026-05-11 23:36:00,1.5094781,1.55
NHITS_11KV_KUBERA,2026-05-12 00:18:00,2026-05-11 23:36:00,1.5895163,1.63
NHITS_11KV_KUBERA,2026-05-12 00:21:00,2026-05-11 23:36:00,1.6555856,1.62
NHITS_11KV_KUBERA,2026-05-12 00:24:00,2026-05-11 23:36:00,1.6929398,1.62
NHITS_11KV_KUBERA,2026-05-12 00:27:00,2026-05-11 23:36:00,1.6914186,1.6
NHITS_11KV_KUBERA,2026-05-12 00:30:00,2026-05-11 23:36:00,1.7163954,1.61
NHITS_11KV_KUBERA,2026-05-12 00:33:00,2026-05-11 23:36:00,1.6027044,1.61
NHITS_11KV_KUBERA,2026-05-12 00:36:00,2026-05-11 23:36:00,1.5743253,1.59
NHITS_11KV_KUBERA,2026-05-11 23:42:00,2026-05-11 23:39:00,1.6924896,1.7
NHITS_11KV_KUBERA,2026-05-11 23:45:00,2026-05-11 23:39:00,1.7410907,1.69
NHITS_11KV_KUBERA,2026-05-11 23:48:00,2026-05-11 23:39:00,1.713688,1.62
NHITS_11KV_KUBERA,2026-05-11 23:51:00,2026-05-11 23:39:00,1.7694058,1.64
NHITS_11KV_KUBERA,2026-05-11 23:54:00,2026-05-11 23:39:00,1.6986969,1.68
NHITS_11KV_KUBERA,2026-05-11 23:57:00,2026-05-11 23:39:00,1.5746365,1.67
NHITS_11KV_KUBERA,2026-05-12 00:00:00,2026-05-11 23:39:00,1.5459083,1.67
NHITS_11KV_KUBERA,2026-05-12 00:03:00,2026-05-11 23:39:00,1.5123464,1.65
NHITS_11KV_KUBERA,2026-05-12 00:06:00,2026-05-11 23:39:00,1.6255081,1.66
NHITS_11KV_KUBERA,2026-05-12 00:09:00,2026-05-11 23:39:00,1.6174619,1.55
NHITS_11KV_KUBERA,2026-05-12 00:12:00,2026-05-11 23:39:00,1.5943043,1.55
NHITS_11KV_KUBERA,2026-05-12 00:15:00,2026-05-11 23:39:00,1.6200093,1.55
NHITS_11KV_KUBERA,2026-05-12 00:18:00,2026-05-11 23:39:00,1.5783389,1.63
NHITS_11KV_KUBERA,2026-05-12 00:21:00,2026-05-11 23:39:00,1.6576096,1.62
NHITS_11KV_KUBERA,2026-05-12 00:24:00,2026-05-11 23:39:00,1.7017434,1.62
NHITS_11KV_KUBERA,2026-05-12 00:27:00,2026-05-11 23:39:00,1.711587,1.6
NHITS_11KV_KUBERA,2026-05-12 00:30:00,2026-05-11 23:39:00,1.7133565,1.61
NHITS_11KV_KUBERA,2026-05-12 00:33:00,2026-05-11 23:39:00,1.7391018,1.61
NHITS_11KV_KUBERA,2026-05-12 00:36:00,2026-05-11 23:39:00,1.6224678,1.59
NHITS_11KV_KUBERA,2026-05-12 00:39:00,2026-05-11 23:39:00,1.5919774,1.64
NHITS_11KV_KUBERA,2026-05-11 23:45:00,2026-05-11 23:42:00,1.6923728,1.69
NHITS_11KV_KUBERA,2026-05-11 23:48:00,2026-05-11 23:42:00,1.7647734,1.62
NHITS_11KV_KUBERA,2026-05-11 23:51:00,2026-05-11 23:42:00,1.7454021,1.64
NHITS_11KV_KUBERA,2026-05-11 23:54:00,2026-05-11 23:42:00,1.799843,1.68
NHITS_11KV_KUBERA,2026-05-11 23:57:00,2026-05-11 23:42:00,1.7094281,1.67
NHITS_11KV_KUBERA,2026-05-12 00:00:00,2026-05-11 23:42:00,1.568855,1.67
NHITS_11KV_KUBERA,2026-05-12 00:03:00,2026-05-11 23:42:00,1.542543,1.65
NHITS_11KV_KUBERA,2026-05-12 00:06:00,2026-05-11 23:42:00,1.5073168,1.66
NHITS_11KV_KUBERA,2026-05-12 00:09:00,2026-05-11 23:42:00,1.6244315,1.55
NHITS_11KV_KUBERA,2026-05-12 00:12:00,2026-05-11 23:42:00,1.6066242,1.55
NHITS_11KV_KUBERA,2026-05-12 00:15:00,2026-05-11 23:42:00,1.5877899,1.55
NHITS_11KV_KUBERA,2026-05-12 00:18:00,2026-05-11 23:42:00,1.619863,1.63
NHITS_11KV_KUBERA,2026-05-12 00:21:00,2026-05-11 23:42:00,1.5929923,1.62
NHITS_11KV_KUBERA,2026-05-12 00:24:00,2026-05-11 23:42:00,1.6804243,1.62
NHITS_11KV_KUBERA,2026-05-12 00:27:00,2026-05-11 23:42:00,1.7250859,1.6
NHITS_11KV_KUBERA,2026-05-12 00:30:00,2026-05-11 23:42:00,1.7445207,1.61
NHITS_11KV_KUBERA,2026-05-12 00:33:00,2026-05-11 23:42:00,1.7442546,1.61
NHITS_11KV_KUBERA,2026-05-12 00:36:00,2026-05-11 23:42:00,1.7712617,1.59
NHITS_11KV_KUBERA,2026-05-12 00:39:00,2026-05-11 23:42:00,1.6544795,1.64
NHITS_11KV_KUBERA,2026-05-12 00:42:00,2026-05-11 23:42:00,1.6273036,1.58
NHITS_11KV_KUBERA,2026-05-11 23:48:00,2026-05-11 23:45:00,1.6895407,1.62
NHITS_11KV_KUBERA,2026-05-11 23:51:00,2026-05-11 23:45:00,1.7557492,1.64
NHITS_11KV_KUBERA,2026-05-11 23:54:00,2026-05-11 23:45:00,1.7429789,1.68
NHITS_11KV_KUBERA,2026-05-11 23:57:00,2026-05-11 23:45:00,1.8057075,1.67
NHITS_11KV_KUBERA,2026-05-12 00:00:00,2026-05-11 23:45:00,1.7229676,1.67
NHITS_11KV_KUBERA,2026-05-12 00:03:00,2026-05-11 23:45:00,1.585932,1.65
NHITS_11KV_KUBERA,2026-05-12 00:06:00,2026-05-11 23:45:00,1.5571697,1.66
NHITS_11KV_KUBERA,2026-05-12 00:09:00,2026-05-11 23:45:00,1.5252271,1.55
NHITS_11KV_KUBERA,2026-05-12 00:12:00,2026-05-11 23:45:00,1.644106,1.55
NHITS_11KV_KUBERA,2026-05-12 00:15:00,2026-05-11 23:45:00,1.6263472,1.55
NHITS_11KV_KUBERA,2026-05-12 00:18:00,2026-05-11 23:45:00,1.6008862,1.63
NHITS_11KV_KUBERA,2026-05-12 00:21:00,2026-05-11 23:45:00,1.6227934,1.62
NHITS_11KV_KUBERA,2026-05-12 00:24:00,2026-05-11 23:45:00,1.5838894,1.62
NHITS_11KV_KUBERA,2026-05-12 00:27:00,2026-05-11 23:45:00,1.667654,1.6
NHITS_11KV_KUBERA,2026-05-12 00:30:00,2026-05-11 23:45:00,1.7171876,1.61
NHITS_11KV_KUBERA,2026-05-12 00:33:00,2026-05-11 23:45:00,1.7372426,1.61
NHITS_11KV_KUBERA,2026-05-12 00:36:00,2026-05-11 23:45:00,1.7426344,1.59
NHITS_11KV_KUBERA,2026-05-12 00:39:00,2026-05-11 23:45:00,1.7712796,1.64
NHITS_11KV_KUBERA,2026-05-12 00:42:00,2026-05-11 23:45:00,1.6494461,1.58
NHITS_11KV_KUBERA,2026-05-12 00:45:00,2026-05-11 23:45:00,1.6181664,1.47
NHITS_11KV_KUBERA,2026-05-11 23:51:00,2026-05-11 23:48:00,1.6297796,1.64
NHITS_11KV_KUBERA,2026-05-11 23:54:00,2026-05-11 23:48:00,1.7417699,1.68
NHITS_11KV_KUBERA,2026-05-11 23:57:00,2026-05-11 23:48:00,1.735878,1.67
NHITS_11KV_KUBERA,2026-05-12 00:00:00,2026-05-11 23:48:00,1.7818923,1.67
NHITS_11KV_KUBERA,2026-05-12 00:03:00,2026-05-11 23:48:00,1.6728607,1.65
NHITS_11KV_KUBERA,2026-05-12 00:06:00,2026-05-11 23:48:00,1.524274,1.66
NHITS_11KV_KUBERA,2026-05-12 00:09:00,2026-05-11 23:48:00,1.5188062,1.55
NHITS_11KV_KUBERA,2026-05-12 00:12:00,2026-05-11 23:48:00,1.4959623,1.55
NHITS_11KV_KUBERA,2026-05-12 00:15:00,2026-05-11 23:48:00,1.6243172,1.55
NHITS_11KV_KUBERA,2026-05-12 00:18:00,2026-05-11 23:48:00,1.6017649,1.63
NHITS_11KV_KUBERA,2026-05-12 00:21:00,2026-05-11 23:48:00,1.5678992,1.62
NHITS_11KV_KUBERA,2026-05-12 00:24:00,2026-05-11 23:48:00,1.5801474,1.62
NHITS_11KV_KUBERA,2026-05-12 00:27:00,2026-05-11 23:48:00,1.5326959,1.6
NHITS_11KV_KUBERA,2026-05-12 00:30:00,2026-05-11 23:48:00,1.6191471,1.61
NHITS_11KV_KUBERA,2026-05-12 00:33:00,2026-05-11 23:48:00,1.6823869,1.61
NHITS_11KV_KUBERA,2026-05-12 00:36:00,2026-05-11 23:48:00,1.7310798,1.59
NHITS_11KV_KUBERA,2026-05-12 00:39:00,2026-05-11 23:48:00,1.7347732,1.64
NHITS_11KV_KUBERA,2026-05-12 00:42:00,2026-05-11 23:48:00,1.7644644,1.58
NHITS_11KV_KUBERA,2026-05-12 00:45:00,2026-05-11 23:48:00,1.6466899,1.47
NHITS_11KV_KUBERA,2026-05-12 00:48:00,2026-05-11 23:48:00,1.6202027,1.5
NHITS_11KV_KUBERA,2026-05-11 23:54:00,2026-05-11 23:51:00,1.6706862,1.68
NHITS_11KV_KUBERA,2026-05-11 23:57:00,2026-05-11 23:51:00,1.7905252,1.67
NHITS_11KV_KUBERA,2026-05-12 00:00:00,2026-05-11 23:51:00,1.7797341,1.67
NHITS_11KV_KUBERA,2026-05-12 00:03:00,2026-05-11 23:51:00,1.8145288,1.65
NHITS_11KV_KUBERA,2026-05-12 00:06:00,2026-05-11 23:51:00,1.708259,1.66
NHITS_11KV_KUBERA,2026-05-12 00:09:00,2026-05-11 23:51:00,1.5750711,1.55
NHITS_11KV_KUBERA,2026-05-12 00:12:00,2026-05-11 23:51:00,1.585016,1.55
NHITS_11KV_KUBERA,2026-05-12 00:15:00,2026-05-11 23:51:00,1.5680867,1.55
NHITS_11KV_KUBERA,2026-05-12 00:18:00,2026-05-11 23:51:00,1.6909087,1.63
NHITS_11KV_KUBERA,2026-05-12 00:21:00,2026-05-11 23:51:00,1.6603574,1.62
NHITS_11KV_KUBERA,2026-05-12 00:24:00,2026-05-11 23:51:00,1.6114076,1.62
NHITS_11KV_KUBERA,2026-05-12 00:27:00,2026-05-11 23:51:00,1.6127445,1.6
NHITS_11KV_KUBERA,2026-05-12 00:30:00,2026-05-11 23:51:00,1.5610787,1.61
NHITS_11KV_KUBERA,2026-05-12 00:33:00,2026-05-11 23:51:00,1.6494353,1.61
NHITS_11KV_KUBERA,2026-05-12 00:36:00,2026-05-11 23:51:00,1.7266744,1.59
NHITS_11KV_KUBERA,2026-05-12 00:39:00,2026-05-11 23:51:00,1.7885718,1.64
NHITS_11KV_KUBERA,2026-05-12 00:42:00,2026-05-11 23:51:00,1.796156,1.58
NHITS_11KV_KUBERA,2026-05-12 00:45:00,2026-05-11 23:51:00,1.8293843,1.47
NHITS_11KV_KUBERA,2026-05-12 00:48:00,2026-05-11 23:51:00,1.7149441,1.5
NHITS_11KV_KUBERA,2026-05-12 00:51:00,2026-05-11 23:51:00,1.6848634,1.53
NHITS_11KV_KUBERA,2026-05-11 23:57:00,2026-05-11 23:54:00,1.7023356,1.67
NHITS_11KV_KUBERA,2026-05-12 00:00:00,2026-05-11 23:54:00,1.7616372,1.67
NHITS_11KV_KUBERA,2026-05-12 00:03:00,2026-05-11 23:54:00,1.7312626,1.65
NHITS_11KV_KUBERA,2026-05-12 00:06:00,2026-05-11 23:54:00,1.7734983,1.66
NHITS_11KV_KUBERA,2026-05-12 00:09:00,2026-05-11 23:54:00,1.6958957,1.55
NHITS_11KV_KUBERA,2026-05-12 00:12:00,2026-05-11 23:54:00,1.5816305,1.55
NHITS_11KV_KUBERA,2026-05-12 00:15:00,2026-05-11 23:54:00,1.5583737,1.55
NHITS_11KV_KUBERA,2026-05-12 00:18:00,2026-05-11 23:54:00,1.5415863,1.63
NHITS_11KV_KUBERA,2026-05-12 00:21:00,2026-05-11 23:54:00,1.6618667,1.62
NHITS_11KV_KUBERA,2026-05-12 00:24:00,2026-05-11 23:54:00,1.6526768,1.62
NHITS_11KV_KUBERA,2026-05-12 00:27:00,2026-05-11 23:54:00,1.6133876,1.6
NHITS_11KV_KUBERA,2026-05-12 00:30:00,2026-05-11 23:54:00,1.6359835,1.61
NHITS_11KV_KUBERA,2026-05-12 00:33:00,2026-05-11 23:54:00,1.6016173,1.61
NHITS_11KV_KUBERA,2026-05-12 00:36:00,2026-05-11 23:54:00,1.6966133,1.59
NHITS_11KV_KUBERA,2026-05-12 00:39:00,2026-05-11 23:54:00,1.7643055,1.64
NHITS_11KV_KUBERA,2026-05-12 00:42:00,2026-05-11 23:54:00,1.7967892,1.58
NHITS_11KV_KUBERA,2026-05-12 00:45:00,2026-05-11 23:54:00,1.8111583,1.47
NHITS_11KV_KUBERA,2026-05-12 00:48:00,2026-05-11 23:54:00,1.8418527,1.5
NHITS_11KV_KUBERA,2026-05-12 00:51:00,2026-05-11 23:54:00,1.7169659,1.53
NHITS_11KV_KUBERA,2026-05-12 00:54:00,2026-05-11 23:54:00,1.6801729,1.52
NHITS_11KV_KUBERA,2026-05-12 00:00:00,2026-05-11 23:57:00,1.6985394,1.67
NHITS_11KV_KUBERA,2026-05-12 00:03:00,2026-05-11 23:57:00,1.762076,1.65
NHITS_11KV_KUBERA,2026-05-12 00:06:00,2026-05-11 23:57:00,1.7378575,1.66
NHITS_11KV_KUBERA,2026-05-12 00:09:00,2026-05-11 23:57:00,1.784294,1.55
NHITS_11KV_KUBERA,2026-05-12 00:12:00,2026-05-11 23:57:00,1.7073675,1.55
NHITS_11KV_KUBERA,2026-05-12 00:15:00,2026-05-11 23:57:00,1.5944438,1.55
NHITS_11KV_KUBERA,2026-05-12 00:18:00,2026-05-11 23:57:00,1.566753,1.63
NHITS_11KV_KUBERA,2026-05-12 00:21:00,2026-05-11 23:57:00,1.5427866,1.62
NHITS_11KV_KUBERA,2026-05-12 00:24:00,2026-05-11 23:57:00,1.6556686,1.62
NHITS_11KV_KUBERA,2026-05-12 00:27:00,2026-05-11 23:57:00,1.6405435,1.6
NHITS_11KV_KUBERA,2026-05-12 00:30:00,2026-05-11 23:57:00,1.6012527,1.61
NHITS_11KV_KUBERA,2026-05-12 00:33:00,2026-05-11 23:57:00,1.6270313,1.61
NHITS_11KV_KUBERA,2026-05-12 00:36:00,2026-05-11 23:57:00,1.5980654,1.59
NHITS_11KV_KUBERA,2026-05-12 00:39:00,2026-05-11 23:57:00,1.6987542,1.64
NHITS_11KV_KUBERA,2026-05-12 00:42:00,2026-05-11 23:57:00,1.7743552,1.58
NHITS_11KV_KUBERA,2026-05-12 00:45:00,2026-05-11 23:57:00,1.8114971,1.47
NHITS_11KV_KUBERA,2026-05-12 00:48:00,2026-05-11 23:57:00,1.8271688,1.5
NHITS_11KV_KUBERA,2026-05-12 00:51:00,2026-05-11 23:57:00,1.8553106,1.53
NHITS_11KV_KUBERA,2026-05-12 00:54:00,2026-05-11 23:57:00,1.7246138,1.52
NHITS_11KV_KUBERA,2026-05-12 00:57:00,2026-05-11 23:57:00,1.6866391,1.52
NHITS_11KV_KUBERA,2026-05-12 00:03:00,2026-05-12 00:00:00,1.689002,1.65
NHITS_11KV_KUBERA,2026-05-12 00:06:00,2026-05-12 00:00:00,1.7555449,1.66
NHITS_11KV_KUBERA,2026-05-12 00:09:00,2026-05-12 00:00:00,1.7343218,1.55
NHITS_11KV_KUBERA,2026-05-12 00:12:00,2026-05-12 00:00:00,1.7831972,1.55
NHITS_11KV_KUBERA,2026-05-12 00:15:00,2026-05-12 00:00:00,1.7069511,1.55
NHITS_11KV_KUBERA,2026-05-12 00:18:00,2026-05-12 00:00:00,1.6006422,1.63
NHITS_11KV_KUBERA,2026-05-12 00:21:00,2026-05-12 00:00:00,1.5914224,1.62
NHITS_11KV_KUBERA,2026-05-12 00:24:00,2026-05-12 00:00:00,1.5812991,1.62
NHITS_11KV_KUBERA,2026-05-12 00:27:00,2026-05-12 00:00:00,1.7017604,1.6
NHITS_11KV_KUBERA,2026-05-12 00:30:00,2026-05-12 00:00:00,1.6864351,1.61
NHITS_11KV_KUBERA,2026-05-12 00:33:00,2026-05-12 00:00:00,1.6398247,1.61
NHITS_11KV_KUBERA,2026-05-12 00:36:00,2026-05-12 00:00:00,1.6557076,1.59
NHITS_11KV_KUBERA,2026-05-12 00:39:00,2026-05-12 00:00:00,1.6191086,1.64
NHITS_11KV_KUBERA,2026-05-12 00:42:00,2026-05-12 00:00:00,1.7167802,1.58
NHITS_11KV_KUBERA,2026-05-12 00:45:00,2026-05-12 00:00:00,1.7882351,1.47
NHITS_11KV_KUBERA,2026-05-12 00:48:00,2026-05-12 00:00:00,1.8233199,1.5
NHITS_11KV_KUBERA,2026-05-12 00:51:00,2026-05-12 00:00:00,1.8319924,1.53
NHITS_11KV_KUBERA,2026-05-12 00:54:00,2026-05-12 00:00:00,1.8556621,1.52
NHITS_11KV_KUBERA,2026-05-12 00:57:00,2026-05-12 00:00:00,1.7235857,1.52
NHITS_11KV_KUBERA,2026-05-12 01:00:00,2026-05-12 00:00:00,1.6848605,1.5150000000000001
NHITS_11KV_KUBERA,2026-05-12 00:06:00,2026-05-12 00:03:00,1.6607517,1.66
NHITS_11KV_KUBERA,2026-05-12 00:09:00,2026-05-12 00:03:00,1.7367315,1.55
NHITS_11KV_KUBERA,2026-05-12 00:12:00,2026-05-12 00:03:00,1.7254725,1.55
NHITS_11KV_KUBERA,2026-05-12 00:15:00,2026-05-12 00:03:00,1.7794434,1.55
NHITS_11KV_KUBERA,2026-05-12 00:18:00,2026-05-12 00:03:00,1.6919847,1.63
NHITS_11KV_KUBERA,2026-05-12 00:21:00,2026-05-12 00:03:00,1.5670532,1.62
NHITS_11KV_KUBERA,2026-05-12 00:24:00,2026-05-12 00:03:00,1.5495082,1.62
NHITS_11KV_KUBERA,2026-05-12 00:27:00,2026-05-12 00:03:00,1.5345404,1.6
NHITS_11KV_KUBERA,2026-05-12 00:30:00,2026-05-12 00:03:00,1.658621,1.61
NHITS_11KV_KUBERA,2026-05-12 00:33:00,2026-05-12 00:03:00,1.6409934,1.61
NHITS_11KV_KUBERA,2026-05-12 00:36:00,2026-05-12 00:03:00,1.6018893,1.59
NHITS_11KV_KUBERA,2026-05-12 00:39:00,2026-05-12 00:03:00,1.6252298,1.64
NHITS_11KV_KUBERA,2026-05-12 00:42:00,2026-05-12 00:03:00,1.5957589,1.58
NHITS_11KV_KUBERA,2026-05-12 00:45:00,2026-05-12 00:03:00,1.6951195,1.47
NHITS_11KV_KUBERA,2026-05-12 00:48:00,2026-05-12 00:03:00,1.7607932,1.5
NHITS_11KV_KUBERA,2026-05-12 00:51:00,2026-05-12 00:03:00,1.794392,1.53
NHITS_11KV_KUBERA,2026-05-12 00:54:00,2026-05-12 00:03:00,1.8028384,1.52
NHITS_11KV_KUBERA,2026-05-12 00:57:00,2026-05-12 00:03:00,1.8291235,1.52
NHITS_11KV_KUBERA,2026-05-12 01:00:00,2026-05-12 00:03:00,1.6946082,1.5150000000000001
NHITS_11KV_KUBERA,2026-05-12 01:03:00,2026-05-12 00:03:00,1.6593198,1.51
NHITS_11KV_KUBERA,2026-05-12 00:09:00,2026-05-12 00:06:00,1.6571587,1.55
NHITS_11KV_KUBERA,2026-05-12 00:12:00,2026-05-12 00:06:00,1.7341446,1.55
NHITS_11KV_KUBERA,2026-05-12 00:15:00,2026-05-12 00:06:00,1.7196828,1.55
NHITS_11KV_KUBERA,2026-05-12 00:18:00,2026-05-12 00:06:00,1.7731475,1.63
NHITS_11KV_KUBERA,2026-05-12 00:21:00,2026-05-12 00:06:00,1.6918645,1.62
NHITS_11KV_KUBERA,2026-05-12 00:24:00,2026-05-12 00:06:00,1.5805978,1.62
NHITS_11KV_KUBERA,2026-05-12 00:27:00,2026-05-12 00:06:00,1.5777111,1.6
NHITS_11KV_KUBERA,2026-05-12 00:30:00,2026-05-12 00:06:00,1.5741727,1.61
NHITS_11KV_KUBERA,2026-05-12 00:33:00,2026-05-12 00:06:00,1.7039763,1.61
NHITS_11KV_KUBERA,2026-05-12 00:36:00,2026-05-12 00:06:00,1.689116,1.59
NHITS_11KV_KUBERA,2026-05-12 00:39:00,2026-05-12 00:06:00,1.6474273,1.64
NHITS_11KV_KUBERA,2026-05-12 00:42:00,2026-05-12 00:06:00,1.6634424,1.58
NHITS_11KV_KUBERA,2026-05-12 00:45:00,2026-05-12 00:06:00,1.6255467,1.47
NHITS_11KV_KUBERA,2026-05-12 00:48:00,2026-05-12 00:06:00,1.7138808,1.5
NHITS_11KV_KUBERA,2026-05-12 00:51:00,2026-05-12 00:06:00,1.7692932,1.53
NHITS_11KV_KUBERA,2026-05-12 00:54:00,2026-05-12 00:06:00,1.798043,1.52
NHITS_11KV_KUBERA,2026-05-12 00:57:00,2026-05-12 00:06:00,1.8009379,1.52
NHITS_11KV_KUBERA,2026-05-12 01:00:00,2026-05-12 00:06:00,1.8247795,1.5150000000000001
NHITS_11KV_KUBERA,2026-05-12 01:03:00,2026-05-12 00:06:00,1.6992326,1.51
NHITS_11KV_KUBERA,2026-05-12 01:06:00,2026-05-12 00:06:00,1.6665875,1.52
NHITS_11KV_KUBERA,2026-05-12 00:12:00,2026-05-12 00:09:00,1.5693516,1.55
NHITS_11KV_KUBERA,2026-05-12 00:15:00,2026-05-12 00:09:00,1.6958039,1.55
NHITS_11KV_KUBERA,2026-05-12 00:18:00,2026-05-12 00:09:00,1.6930528,1.63
NHITS_11KV_KUBERA,2026-05-12 00:21:00,2026-05-12 00:09:00,1.7175213,1.62
NHITS_11KV_KUBERA,2026-05-12 00:24:00,2026-05-12 00:09:00,1.6095722,1.62
NHITS_11KV_KUBERA,2026-05-12 00:27:00,2026-05-12 00:09:00,1.4961886,1.6
NHITS_11KV_KUBERA,2026-05-12 00:30:00,2026-05-12 00:09:00,1.5366272,1.61
NHITS_11KV_KUBERA,2026-05-12 00:33:00,2026-05-12 00:09:00,1.5480723,1.61
NHITS_11KV_KUBERA,2026-05-12 00:36:00,2026-05-12 00:09:00,1.6884127,1.59
NHITS_11KV_KUBERA,2026-05-12 00:39:00,2026-05-12 00:09:00,1.6604191,1.64
NHITS_11KV_KUBERA,2026-05-12 00:42:00,2026-05-12 00:09:00,1.5986329,1.58
NHITS_11KV_KUBERA,2026-05-12 00:45:00,2026-05-12 00:09:00,1.5958531,1.47
NHITS_11KV_KUBERA,2026-05-12 00:48:00,2026-05-12 00:09:00,1.5463167,1.5
NHITS_11KV_KUBERA,2026-05-12 00:51:00,2026-05-12 00:09:00,1.6265357,1.53
NHITS_11KV_KUBERA,2026-05-12 00:54:00,2026-05-12 00:09:00,1.6975893,1.52
NHITS_11KV_KUBERA,2026-05-12 00:57:00,2026-05-12 00:09:00,1.755759,1.52
NHITS_11KV_KUBERA,2026-05-12 01:00:00,2026-05-12 00:09:00,1.7492285,1.5150000000000001
NHITS_11KV_KUBERA,2026-05-12 01:03:00,2026-05-12 00:09:00,1.7643548,1.51
NHITS_11KV_KUBERA,2026-05-12 01:06:00,2026-05-12 00:09:00,1.6431328,1.52
NHITS_11KV_KUBERA,2026-05-12 01:09:00,2026-05-12 00:09:00,1.607491,1.51
NHITS_11KV_KUBERA,2026-05-12 00:15:00,2026-05-12 00:12:00,1.6183718,1.55
NHITS_11KV_KUBERA,2026-05-12 00:18:00,2026-05-12 00:12:00,1.7644002,1.63
NHITS_11KV_KUBERA,2026-05-12 00:21:00,2026-05-12 00:12:00,1.7764485,1.62
NHITS_11KV_KUBERA,2026-05-12 00:24:00,2026-05-12 00:12:00,1.8039796,1.62
NHITS_11KV_KUBERA,2026-05-12 00:27:00,2026-05-12 00:12:00,1.7011333,1.6
NHITS_11KV_KUBERA,2026-05-12 00:30:00,2026-05-12 00:12:00,1.6105385,1.61
NHITS_11KV_KUBERA,2026-05-12 00:33:00,2026-05-12 00:12:00,1.6794603,1.61
NHITS_11KV_KUBERA,2026-05-12 00:36:00,2026-05-12 00:12:00,1.6974447,1.59
NHITS_11KV_KUBERA,2026-05-12 00:39:00,2026-05-12 00:12:00,1.8338639,1.64
NHITS_11KV_KUBERA,2026-05-12 00:42:00,2026-05-12 00:12:00,1.8014822,1.58
NHITS_11KV_KUBERA,2026-05-12 00:45:00,2026-05-12 00:12:00,1.7249943,1.47
NHITS_11KV_KUBERA,2026-05-12 00:48:00,2026-05-12 00:12:00,1.6969692,1.5
NHITS_11KV_KUBERA,2026-05-12 00:51:00,2026-05-12 00:12:00,1.6265073,1.53
NHITS_11KV_KUBERA,2026-05-12 00:54:00,2026-05-12 00:12:00,1.6973016,1.52
NHITS_11KV_KUBERA,2026-05-12 00:57:00,2026-05-12 00:12:00,1.7867259,1.52
NHITS_11KV_KUBERA,2026-05-12 01:00:00,2026-05-12 00:12:00,1.859826,1.5150000000000001
NHITS_11KV_KUBERA,2026-05-12 01:03:00,2026-05-12 00:12:00,1.8510131,1.51
NHITS_11KV_KUBERA,2026-05-12 01:06:00,2026-05-12 00:12:00,1.858005,1.52
NHITS_11KV_KUBERA,2026-05-12 01:09:00,2026-05-12 00:12:00,1.7362945,1.51
NHITS_11KV_KUBERA,2026-05-12 01:12:00,2026-05-12 00:12:00,1.6955669,1.51
NHITS_11KV_KUBERA,2026-05-12 00:18:00,2026-05-12 00:15:00,1.599022,1.63
NHITS_11KV_KUBERA,2026-05-12 00:21:00,2026-05-12 00:15:00,1.7104053,1.62
NHITS_11KV_KUBERA,2026-05-12 00:24:00,2026-05-12 00:15:00,1.7043092,1.62
NHITS_11KV_KUBERA,2026-05-12 00:27:00,2026-05-12 00:15:00,1.7300258,1.6
NHITS_11KV_KUBERA,2026-05-12 00:30:00,2026-05-12 00:15:00,1.6494367,1.61
NHITS_11KV_KUBERA,2026-05-12 00:33:00,2026-05-12 00:15:00,1.5741997,1.61
NHITS_11KV_KUBERA,2026-05-12 00:36:00,2026-05-12 00:15:00,1.6222134,1.59
NHITS_11KV_KUBERA,2026-05-12 00:39:00,2026-05-12 00:15:00,1.6421452,1.64
NHITS_11KV_KUBERA,2026-05-12 00:42:00,2026-05-12 00:15:00,1.7763464,1.58
NHITS_11KV_KUBERA,2026-05-12 00:45:00,2026-05-12 00:15:00,1.7612892,1.47
NHITS_11KV_KUBERA,2026-05-12 00:48:00,2026-05-12 00:15:00,1.690012,1.5
NHITS_11KV_KUBERA,2026-05-12 00:51:00,2026-05-12 00:15:00,1.671071,1.53
NHITS_11KV_KUBERA,2026-05-12 00:54:00,2026-05-12 00:15:00,1.6144464,1.52
NHITS_11KV_KUBERA,2026-05-12 00:57:00,2026-05-12 00:15:00,1.6812998,1.52
NHITS_11KV_KUBERA,2026-05-12 01:00:00,2026-05-12 00:15:00,1.7524365,1.5150000000000001
NHITS_11KV_KUBERA,2026-05-12 01:03:00,2026-05-12 00:15:00,1.8088925,1.51
NHITS_11KV_KUBERA,2026-05-12 01:06:00,2026-05-12 00:15:00,1.7997551,1.52
NHITS_11KV_KUBERA,2026-05-12 01:09:00,2026-05-12 00:15:00,1.805814,1.51
NHITS_11KV_KUBERA,2026-05-12 01:12:00,2026-05-12 00:15:00,1.6858022,1.51
NHITS_11KV_KUBERA,2026-05-12 01:15:00,2026-05-12 00:15:00,1.6446861,1.51
NHITS_11KV_KUBERA,2026-05-12 00:21:00,2026-05-12 00:18:00,1.6713672,1.62
NHITS_11KV_KUBERA,2026-05-12 00:24:00,2026-05-12 00:18:00,1.7428958,1.62
NHITS_11KV_KUBERA,2026-05-12 00:27:00,2026-05-12 00:18:00,1.7299775,1.6
NHITS_11KV_KUBERA,2026-05-12 00:30:00,2026-05-12 00:18:00,1.7679412,1.61
NHITS_11KV_KUBERA,2026-05-12 00:33:00,2026-05-12 00:18:00,1.7067832,1.61
NHITS_11KV_KUBERA,2026-05-12 00:36:00,2026-05-12 00:18:00,1.6335176,1.59
NHITS_11KV_KUBERA,2026-05-12 00:39:00,2026-05-12 00:18:00,1.6433345,1.64
NHITS_11KV_KUBERA,2026-05-12 00:42:00,2026-05-12 00:18:00,1.6447183,1.58
NHITS_11KV_KUBERA,2026-05-12 00:45:00,2026-05-12 00:18:00,1.7588164,1.47
NHITS_11KV_KUBERA,2026-05-12 00:48:00,2026-05-12 00:18:00,1.7472303,1.5
NHITS_11KV_KUBERA,2026-05-12 00:51:00,2026-05-12 00:18:00,1.68947,1.53
NHITS_11KV_KUBERA,2026-05-12 00:54:00,2026-05-12 00:18:00,1.6966447,1.52
NHITS_11KV_KUBERA,2026-05-12 00:57:00,2026-05-12 00:18:00,1.6655046,1.52
NHITS_11KV_KUBERA,2026-05-12 01:00:00,2026-05-12 00:18:00,1.745706,1.5150000000000001
NHITS_11KV_KUBERA,2026-05-12 01:03:00,2026-05-12 00:18:00,1.8058307,1.51
NHITS_11KV_KUBERA,2026-05-12 01:06:00,2026-05-12 00:18:00,1.8423048,1.52
NHITS_11KV_KUBERA,2026-05-12 01:09:00,2026-05-12 00:18:00,1.8327813,1.51
NHITS_11KV_KUBERA,2026-05-12 01:12:00,2026-05-12 00:18:00,1.8324487,1.51
NHITS_11KV_KUBERA,2026-05-12 01:15:00,2026-05-12 00:18:00,1.696,1.51
NHITS_11KV_KUBERA,2026-05-12 01:18:00,2026-05-12 00:18:00,1.6490291,1.51
NHITS_11KV_KUBERA,2026-05-12 00:24:00,2026-05-12 00:21:00,1.6488944,1.62
NHITS_11KV_KUBERA,2026-05-12 00:27:00,2026-05-12 00:21:00,1.7222698,1.6
NHITS_11KV_KUBERA,2026-05-12 00:30:00,2026-05-12 00:21:00,1.7253844,1.61
NHITS_11KV_KUBERA,2026-05-12 00:33:00,2026-05-12 00:21:00,1.7778175,1.61
NHITS_11KV_KUBERA,2026-05-12 00:36:00,2026-05-12 00:21:00,1.7141609,1.59
NHITS_11KV_KUBERA,2026-05-12 00:39:00,2026-05-12 00:21:00,1.638647,1.64
NHITS_11KV_KUBERA,2026-05-12 00:42:00,2026-05-12 00:21:00,1.6569767,1.58
NHITS_11KV_KUBERA,2026-05-12 00:45:00,2026-05-12 00:21:00,1.6649488,1.47
NHITS_11KV_KUBERA,2026-05-12 00:48:00,2026-05-12 00:21:00,1.7852433,1.5
NHITS_11KV_KUBERA,2026-05-12 00:51:00,2026-05-12 00:21:00,1.7698224,1.53
NHITS_11KV_KUBERA,2026-05-12 00:54:00,2026-05-12 00:21:00,1.7067757,1.52
NHITS_11KV_KUBERA,2026-05-12 00:57:00,2026-05-12 00:21:00,1.7014742,1.52
NHITS_11KV_KUBERA,2026-05-12 01:00:00,2026-05-12 00:21:00,1.6579714,1.5150000000000001
NHITS_11KV_KUBERA,2026-05-12 01:03:00,2026-05-12 00:21:00,1.7299812,1.51
NHITS_11KV_KUBERA,2026-05-12 01:06:00,2026-05-12 00:21:00,1.7870504,1.52
NHITS_11KV_KUBERA,2026-05-12 01:09:00,2026-05-12 00:21:00,1.8211267,1.51
NHITS_11KV_KUBERA,2026-05-12 01:12:00,2026-05-12 00:21:00,1.8112036,1.51
NHITS_11KV_KUBERA,2026-05-12 01:15:00,2026-05-12 00:21:00,1.8125578,1.51
NHITS_11KV_KUBERA,2026-05-12 01:18:00,2026-05-12 00:21:00,1.6780053,1.51
NHITS_11KV_KUBERA,2026-05-12 01:21:00,2026-05-12 00:21:00,1.6334743,1.51
NHITS_11KV_KUBERA,2026-05-12 00:27:00,2026-05-12 00:24:00,1.6414845,1.6
NHITS_11KV_KUBERA,2026-05-12 00:30:00,2026-05-12 00:24:00,1.7381493,1.61
NHITS_11KV_KUBERA,2026-05-12 00:33:00,2026-05-12 00:24:00,1.7530141,1.61
NHITS_11KV_KUBERA,2026-05-12 00:36:00,2026-05-12 00:24:00,1.8036966,1.59
NHITS_11KV_KUBERA,2026-05-12 00:39:00,2026-05-12 00:24:00,1.7226728,1.64
NHITS_11KV_KUBERA,2026-05-12 00:42:00,2026-05-12 00:24:00,1.6301546,1.58
NHITS_11KV_KUBERA,2026-05-12 00:45:00,2026-05-12 00:24:00,1.6549742,1.47
NHITS_11KV_KUBERA,2026-05-12 00:48:00,2026-05-12 00:24:00,1.66517,1.5
NHITS_11KV_KUBERA,2026-05-12 00:51:00,2026-05-12 00:24:00,1.7898057,1.53
NHITS_11KV_KUBERA,2026-05-12 00:54:00,2026-05-12 00:24:00,1.7694538,1.52
NHITS_11KV_KUBERA,2026-05-12 00:57:00,2026-05-12 00:24:00,1.7127473,1.52
NHITS_11KV_KUBERA,2026-05-12 01:00:00,2026-05-12 00:24:00,1.7116863,1.5150000000000001
NHITS_11KV_KUBERA,2026-05-12 01:03:00,2026-05-12 00:24:00,1.6717458,1.51
NHITS_11KV_KUBERA,2026-05-12 01:06:00,2026-05-12 00:24:00,1.7370044,1.52
NHITS_11KV_KUBERA,2026-05-12 01:09:00,2026-05-12 00:24:00,1.7805924,1.51
NHITS_11KV_KUBERA,2026-05-12 01:12:00,2026-05-12 00:24:00,1.8145081,1.51
NHITS_11KV_KUBERA,2026-05-12 01:15:00,2026-05-12 00:24:00,1.7932917,1.51
NHITS_11KV_KUBERA,2026-05-12 01:18:00,2026-05-12 00:24:00,1.7910261,1.51
NHITS_11KV_KUBERA,2026-05-12 01:21:00,2026-05-12 00:24:00,1.6647992,1.51
NHITS_11KV_KUBERA,2026-05-12 01:24:00,2026-05-12 00:24:00,1.6262958,1.52
NHITS_11KV_KUBERA,2026-05-12 00:30:00,2026-05-12 00:27:00,1.6408437,1.61
NHITS_11KV_KUBERA,2026-05-12 00:33:00,2026-05-12 00:27:00,1.764363,1.61
NHITS_11KV_KUBERA,2026-05-12 00:36:00,2026-05-12 00:27:00,1.7888649,1.59
NHITS_11KV_KUBERA,2026-05-12 00:39:00,2026-05-12 00:27:00,1.8290806,1.64
NHITS_11KV_KUBERA,2026-05-12 00:42:00,2026-05-12 00:27:00,1.7350742,1.58
NHITS_11KV_KUBERA,2026-05-12 00:45:00,2026-05-12 00:27:00,1.6437266,1.47
NHITS_11KV_KUBERA,2026-05-12 00:48:00,2026-05-12 00:27:00,1.6917791,1.5
NHITS_11KV_KUBERA,2026-05-12 00:51:00,2026-05-12 00:27:00,1.7116168,1.53
NHITS_11KV_KUBERA,2026-05-12 00:54:00,2026-05-12 00:27:00,1.8377273,1.52
NHITS_11KV_KUBERA,2026-05-12 00:57:00,2026-05-12 00:27:00,1.8073276,1.52
NHITS_11KV_KUBERA,2026-05-12 01:00:00,2026-05-12 00:27:00,1.7370917,1.5150000000000001
NHITS_11KV_KUBERA,2026-05-12 01:03:00,2026-05-12 00:27:00,1.7212248,1.51
NHITS_11KV_KUBERA,2026-05-12 01:06:00,2026-05-12 00:27:00,1.6663693,1.52
NHITS_11KV_KUBERA,2026-05-12 01:09:00,2026-05-12 00:27:00,1.7260995,1.51
NHITS_11KV_KUBERA,2026-05-12 01:12:00,2026-05-12 00:27:00,1.7775416,1.51
NHITS_11KV_KUBERA,2026-05-12 01:15:00,2026-05-12 00:27:00,1.8233399,1.51
NHITS_11KV_KUBERA,2026-05-12 01:18:00,2026-05-12 00:27:00,1.796633,1.51
NHITS_11KV_KUBERA,2026-05-12 01:21:00,2026-05-12 00:27:00,1.7926745,1.51
NHITS_11KV_KUBERA,2026-05-12 01:24:00,2026-05-12 00:27:00,1.6741211,1.52
NHITS_11KV_KUBERA,2026-05-12 01:27:00,2026-05-12 00:27:00,1.6375058,1.5
NHITS_11KV_KUBERA,2026-05-12 00:33:00,2026-05-12 00:30:00,1.6728591,1.61
NHITS_11KV_KUBERA,2026-05-12 00:36:00,2026-05-12 00:30:00,1.8015132,1.59
NHITS_11KV_KUBERA,2026-05-12 00:39:00,2026-05-12 00:30:00,1.8174546,1.64
NHITS_11KV_KUBERA,2026-05-12 00:42:00,2026-05-12 00:30:00,1.8374641,1.58
NHITS_11KV_KUBERA,2026-05-12 00:45:00,2026-05-12 00:30:00,1.7386475,1.47
NHITS_11KV_KUBERA,2026-05-12 00:48:00,2026-05-12 00:30:00,1.6574368,1.5
NHITS_11KV_KUBERA,2026-05-12 00:51:00,2026-05-12 00:30:00,1.715343,1.53
NHITS_11KV_KUBERA,2026-05-12 00:54:00,2026-05-12 00:30:00,1.7394743,1.52
NHITS_11KV_KUBERA,2026-05-12 00:57:00,2026-05-12 00:30:00,1.8577724,1.52
NHITS_11KV_KUBERA,2026-05-12 01:00:00,2026-05-12 00:30:00,1.8241298,1.5150000000000001
NHITS_11KV_KUBERA,2026-05-12 01:03:00,2026-05-12 00:30:00,1.7423501,1.51
NHITS_11KV_KUBERA,2026-05-12 01:06:00,2026-05-12 00:30:00,1.7214549,1.52
NHITS_11KV_KUBERA,2026-05-12 01:09:00,2026-05-12 00:30:00,1.6680989,1.51
NHITS_11KV_KUBERA,2026-05-12 01:12:00,2026-05-12 00:30:00,1.7263658,1.51
NHITS_11KV_KUBERA,2026-05-12 01:15:00,2026-05-12 00:30:00,1.7832654,1.51
NHITS_11KV_KUBERA,2026-05-12 01:18:00,2026-05-12 00:30:00,1.8322663,1.51
NHITS_11KV_KUBERA,2026-05-12 01:21:00,2026-05-12 00:30:00,1.8006573,1.51
NHITS_11KV_KUBERA,2026-05-12 01:24:00,2026-05-12 00:30:00,1.7910539,1.52
NHITS_11KV_KUBERA,2026-05-12 01:27:00,2026-05-12 00:30:00,1.6713511,1.5
NHITS_11KV_KUBERA,2026-05-12 01:30:00,2026-05-12 00:30:00,1.6294215,1.5
NHITS_11KV_KUBERA,2026-05-12 00:36:00,2026-05-12 00:33:00,1.685669,1.59
NHITS_11KV_KUBERA,2026-05-12 00:39:00,2026-05-12 00:33:00,1.7824186,1.64
NHITS_11KV_KUBERA,2026-05-12 00:42:00,2026-05-12 00:33:00,1.786116,1.58
NHITS_11KV_KUBERA,2026-05-12 00:45:00,2026-05-12 00:33:00,1.8124504,1.47
NHITS_11KV_KUBERA,2026-05-12 00:48:00,2026-05-12 00:33:00,1.7335525,1.5
NHITS_11KV_KUBERA,2026-05-12 00:51:00,2026-05-12 00:33:00,1.6624901,1.53
NHITS_11KV_KUBERA,2026-05-12 00:54:00,2026-05-12 00:33:00,1.698729,1.52
NHITS_11KV_KUBERA,2026-05-12 00:57:00,2026-05-12 00:33:00,1.7152096,1.52
NHITS_11KV_KUBERA,2026-05-12 01:00:00,2026-05-12 00:33:00,1.8223786,1.5150000000000001
NHITS_11KV_KUBERA,2026-05-12 01:03:00,2026-05-12 00:33:00,1.8019888,1.51
NHITS_11KV_KUBERA,2026-05-12 01:06:00,2026-05-12 00:33:00,1.7219019,1.52
NHITS_11KV_KUBERA,2026-05-12 01:09:00,2026-05-12 00:33:00,1.7049396,1.51
NHITS_11KV_KUBERA,2026-05-12 01:12:00,2026-05-12 00:33:00,1.6531471,1.51
NHITS_11KV_KUBERA,2026-05-12 01:15:00,2026-05-12 00:33:00,1.7131679,1.51
NHITS_11KV_KUBERA,2026-05-12 01:18:00,2026-05-12 00:33:00,1.7693787,1.51
NHITS_11KV_KUBERA,2026-05-12 01:21:00,2026-05-12 00:33:00,1.8057475,1.51
NHITS_11KV_KUBERA,2026-05-12 01:24:00,2026-05-12 00:33:00,1.780415,1.52
NHITS_11KV_KUBERA,2026-05-12 01:27:00,2026-05-12 00:33:00,1.7744113,1.5
NHITS_11KV_KUBERA,2026-05-12 01:30:00,2026-05-12 00:33:00,1.652621,1.5
NHITS_11KV_KUBERA,2026-05-12 01:33:00,2026-05-12 00:33:00,1.6114808,1.5
NHITS_11KV_KUBERA,2026-05-12 00:39:00,2026-05-12 00:36:00,1.665509,1.64
NHITS_11KV_KUBERA,2026-05-12 00:42:00,2026-05-12 00:36:00,1.775762,1.58
NHITS_11KV_KUBERA,2026-05-12 00:45:00,2026-05-12 00:36:00,1.7758242,1.47
NHITS_11KV_KUBERA,2026-05-12 00:48:00,2026-05-12 00:36:00,1.7908466,1.5
NHITS_11KV_KUBERA,2026-05-12 00:51:00,2026-05-12 00:36:00,1.7036594,1.53
NHITS_11KV_KUBERA,2026-05-12 00:54:00,2026-05-12 00:36:00,1.6360714,1.52
NHITS_11KV_KUBERA,2026-05-12 00:57:00,2026-05-12 00:36:00,1.6864368,1.52
NHITS_11KV_KUBERA,2026-05-12 01:00:00,2026-05-12 00:36:00,1.7081962,1.5150000000000001
NHITS_11KV_KUBERA,2026-05-12 01:03:00,2026-05-12 00:36:00,1.816045,1.51
NHITS_11KV_KUBERA,2026-05-12 01:06:00,2026-05-12 00:36:00,1.790999,1.52
NHITS_11KV_KUBERA,2026-05-12 01:09:00,2026-05-12 00:36:00,1.7111783,1.51
NHITS_11KV_KUBERA,2026-05-12 01:12:00,2026-05-12 00:36:00,1.6877438,1.51
NHITS_11KV_KUBERA,2026-05-12 01:15:00,2026-05-12 00:36:00,1.633131,1.51
NHITS_11KV_KUBERA,2026-05-12 01:18:00,2026-05-12 00:36:00,1.6870105,1.51
NHITS_11KV_KUBERA,2026-05-12 01:21:00,2026-05-12 00:36:00,1.7400441,1.51
NHITS_11KV_KUBERA,2026-05-12 01:24:00,2026-05-12 00:36:00,1.781678,1.52
NHITS_11KV_KUBERA,2026-05-12 01:27:00,2026-05-12 00:36:00,1.7557613,1.5
NHITS_11KV_KUBERA,2026-05-12 01:30:00,2026-05-12 00:36:00,1.7492532,1.5
NHITS_11KV_KUBERA,2026-05-12 01:33:00,2026-05-12 00:36:00,1.6321728,1.5
NHITS_11KV_KUBERA,2026-05-12 01:36:00,2026-05-12 00:36:00,1.5932221,1.51
NHITS_11KV_KUBERA,2026-05-12 00:42:00,2026-05-12 00:39:00,1.7086759,1.58
NHITS_11KV_KUBERA,2026-05-12 00:45:00,2026-05-12 00:39:00,1.8066796,1.47
NHITS_11KV_KUBERA,2026-05-12 00:48:00,2026-05-12 00:39:00,1.8117608,1.5
NHITS_11KV_KUBERA,2026-05-12 00:51:00,2026-05-12 00:39:00,1.83778,1.53
NHITS_11KV_KUBERA,2026-05-12 00:54:00,2026-05-12 00:39:00,1.7550677,1.52
NHITS_11KV_KUBERA,2026-05-12 00:57:00,2026-05-12 00:39:00,1.6802827,1.52
NHITS_11KV_KUBERA,2026-05-12 01:00:00,2026-05-12 00:39:00,1.71044,1.5150000000000001
NHITS_11KV_KUBERA,2026-05-12 01:03:00,2026-05-12 00:39:00,1.7172706,1.51
NHITS_11KV_KUBERA,2026-05-12 01:06:00,2026-05-12 00:39:00,1.818037,1.52
NHITS_11KV_KUBERA,2026-05-12 01:09:00,2026-05-12 00:39:00,1.7915446,1.51
NHITS_11KV_KUBERA,2026-05-12 01:12:00,2026-05-12 00:39:00,1.7187798,1.51
NHITS_11KV_KUBERA,2026-05-12 01:15:00,2026-05-12 00:39:00,1.7035291,1.51
NHITS_11KV_KUBERA,2026-05-12 01:18:00,2026-05-12 00:39:00,1.6561702,1.51
NHITS_11KV_KUBERA,2026-05-12 01:21:00,2026-05-12 00:39:00,1.7140363,1.51
NHITS_11KV_KUBERA,2026-05-12 01:24:00,2026-05-12 00:39:00,1.7623175,1.52
NHITS_11KV_KUBERA,2026-05-12 01:27:00,2026-05-12 00:39:00,1.7981162,1.5
NHITS_11KV_KUBERA,2026-05-12 01:30:00,2026-05-12 00:39:00,1.7785251,1.5
NHITS_11KV_KUBERA,2026-05-12 01:33:00,2026-05-12 00:39:00,1.7737443,1.5
NHITS_11KV_KUBERA,2026-05-12 01:36:00,2026-05-12 00:39:00,1.652425,1.51
NHITS_11KV_KUBERA,2026-05-12 01:39:00,2026-05-12 00:39:00,1.6121876,1.49
NHITS_11KV_KUBERA,2026-05-12 00:45:00,2026-05-12 00:42:00,1.6376389,1.47
NHITS_11KV_KUBERA,2026-05-12 00:48:00,2026-05-12 00:42:00,1.7571301,1.5
NHITS_11KV_KUBERA,2026-05-12 00:51:00,2026-05-12 00:42:00,1.7706681,1.53
NHITS_11KV_KUBERA,2026-05-12 00:54:00,2026-05-12 00:42:00,1.7983563,1.52
NHITS_11KV_KUBERA,2026-05-12 00:57:00,2026-05-12 00:42:00,1.7098062,1.52
NHITS_11KV_KUBERA,2026-05-12 01:00:00,2026-05-12 00:42:00,1.634064,1.5150000000000001
NHITS_11KV_KUBERA,2026-05-12 01:03:00,2026-05-12 00:42:00,1.6812379,1.51
NHITS_11KV_KUBERA,2026-05-12 01:06:00,2026-05-12 00:42:00,1.690868,1.52
NHITS_11KV_KUBERA,2026-05-12 01:09:00,2026-05-12 00:42:00,1.7988547,1.51
NHITS_11KV_KUBERA,2026-05-12 01:12:00,2026-05-12 00:42:00,1.7616396,1.51
NHITS_11KV_KUBERA,2026-05-12 01:15:00,2026-05-12 00:42:00,1.6820823,1.51
NHITS_11KV_KUBERA,2026-05-12 01:18:00,2026-05-12 00:42:00,1.6539354,1.51
NHITS_11KV_KUBERA,2026-05-12 01:21:00,2026-05-12 00:42:00,1.5936809,1.51
NHITS_11KV_KUBERA,2026-05-12 01:24:00,2026-05-12 00:42:00,1.6488857,1.52
NHITS_11KV_KUBERA,2026-05-12 01:27:00,2026-05-12 00:42:00,1.6987491,1.5
NHITS_11KV_KUBERA,2026-05-12 01:30:00,2026-05-12 00:42:00,1.7418997,1.5
NHITS_11KV_KUBERA,2026-05-12 01:33:00,2026-05-12 00:42:00,1.7145283,1.5
NHITS_11KV_KUBERA,2026-05-12 01:36:00,2026-05-12 00:42:00,1.7063282,1.51
NHITS_11KV_KUBERA,2026-05-12 01:39:00,2026-05-12 00:42:00,1.5890782,1.49
NHITS_11KV_KUBERA,2026-05-12 01:42:00,2026-05-12 00:42:00,1.5533092,1.49
NHITS_11KV_KUBERA,2026-05-12 00:48:00,2026-05-12 00:45:00,1.5491946,1.5
NHITS_11KV_KUBERA,2026-05-12 00:51:00,2026-05-12 00:45:00,1.7177341,1.53
NHITS_11KV_KUBERA,2026-05-12 00:54:00,2026-05-12 00:45:00,1.7550693,1.52
NHITS_11KV_KUBERA,2026-05-12 00:57:00,2026-05-12 00:45:00,1.7756324,1.52
NHITS_11KV_KUBERA,2026-05-12 01:00:00,2026-05-12 00:45:00,1.6701124,1.5150000000000001
NHITS_11KV_KUBERA,2026-05-12 01:03:00,2026-05-12 00:45:00,1.5865103,1.51
NHITS_11KV_KUBERA,2026-05-12 01:06:00,2026-05-12 00:45:00,1.6542147,1.52
NHITS_11KV_KUBERA,2026-05-12 01:09:00,2026-05-12 00:45:00,1.6610568,1.51
NHITS_11KV_KUBERA,2026-05-12 01:12:00,2026-05-12 00:45:00,1.7664382,1.51
NHITS_11KV_KUBERA,2026-05-12 01:15:00,2026-05-12 00:45:00,1.705442,1.51
NHITS_11KV_KUBERA,2026-05-12 01:18:00,2026-05-12 00:45:00,1.6134956,1.51
NHITS_11KV_KUBERA,2026-05-12 01:21:00,2026-05-12 00:45:00,1.5706968,1.51
NHITS_11KV_KUBERA,2026-05-12 01:24:00,2026-05-12 00:45:00,1.5061117,1.52
NHITS_11KV_KUBERA,2026-05-12 01:27:00,2026-05-12 00:45:00,1.5664569,1.5
NHITS_11KV_KUBERA,2026-05-12 01:30:00,2026-05-12 00:45:00,1.6442591,1.5
NHITS_11KV_KUBERA,2026-05-12 01:33:00,2026-05-12 00:45:00,1.71498,1.5
NHITS_11KV_KUBERA,2026-05-12 01:36:00,2026-05-12 00:45:00,1.679618,1.51
NHITS_11KV_KUBERA,2026-05-12 01:39:00,2026-05-12 00:45:00,1.6617242,1.49
NHITS_11KV_KUBERA,2026-05-12 01:42:00,2026-05-12 00:45:00,1.5387937,1.49
NHITS_11KV_KUBERA,2026-05-12 01:45:00,2026-05-12 00:45:00,1.4994164,1.48
NHITS_11KV_KUBERA,2026-05-12 00:51:00,2026-05-12 00:48:00,1.5904129,1.53
NHITS_11KV_KUBERA,2026-05-12 00:54:00,2026-05-12 00:48:00,1.7685992,1.52
NHITS_11KV_KUBERA,2026-05-12 00:57:00,2026-05-12 00:48:00,1.8175077,1.52
NHITS_11KV_KUBERA,2026-05-12 01:00:00,2026-05-12 00:48:00,1.840913,1.5150000000000001
NHITS_11KV_KUBERA,2026-05-12 01:03:00,2026-05-12 00:48:00,1.7395418,1.51
NHITS_11KV_KUBERA,2026-05-12 01:06:00,2026-05-12 00:48:00,1.6584337,1.52
NHITS_11KV_KUBERA,2026-05-12 01:09:00,2026-05-12 00:48:00,1.7244391,1.51
NHITS_11KV_KUBERA,2026-05-12 01:12:00,2026-05-12 00:48:00,1.7224631,1.51
NHITS_11KV_KUBERA,2026-05-12 01:15:00,2026-05-12 00:48:00,1.8181725,1.51
NHITS_11KV_KUBERA,2026-05-12 01:18:00,2026-05-12 00:48:00,1.7563097,1.51
NHITS_11KV_KUBERA,2026-05-12 01:21:00,2026-05-12 00:48:00,1.6669216,1.51
NHITS_11KV_KUBERA,2026-05-12 01:24:00,2026-05-12 00:48:00,1.6231414,1.52
NHITS_11KV_KUBERA,2026-05-12 01:27:00,2026-05-12 00:48:00,1.5570781,1.5
NHITS_11KV_KUBERA,2026-05-12 01:30:00,2026-05-12 00:48:00,1.6139169,1.5
NHITS_11KV_KUBERA,2026-05-12 01:33:00,2026-05-12 00:48:00,1.691556,1.5
NHITS_11KV_KUBERA,2026-05-12 01:36:00,2026-05-12 00:48:00,1.7639908,1.51
NHITS_11KV_KUBERA,2026-05-12 01:39:00,2026-05-12 00:48:00,1.7253981,1.49
NHITS_11KV_KUBERA,2026-05-12 01:42:00,2026-05-12 00:48:00,1.702178,1.49
NHITS_11KV_KUBERA,2026-05-12 01:45:00,2026-05-12 00:48:00,1.5794132,1.48
NHITS_11KV_KUBERA,2026-05-12 01:48:00,2026-05-12 00:48:00,1.5394104,1.5
NHITS_11KV_KUBERA,2026-05-12 00:54:00,2026-05-12 00:51:00,1.6267025,1.52
NHITS_11KV_KUBERA,2026-05-12 00:57:00,2026-05-12 00:51:00,1.7838469,1.52
NHITS_11KV_KUBERA,2026-05-12 01:00:00,2026-05-12 00:51:00,1.8136146,1.5150000000000001
NHITS_11KV_KUBERA,2026-05-12 01:03:00,2026-05-12 00:51:00,1.8266805,1.51
NHITS_11KV_KUBERA,2026-05-12 01:06:00,2026-05-12 00:51:00,1.7240312,1.52
NHITS_11KV_KUBERA,2026-05-12 01:09:00,2026-05-12 00:51:00,1.6405783,1.51
NHITS_11KV_KUBERA,2026-05-12 01:12:00,2026-05-12 00:51:00,1.6873932,1.51
NHITS_11KV_KUBERA,2026-05-12 01:15:00,2026-05-12 00:51:00,1.6820267,1.51
NHITS_11KV_KUBERA,2026-05-12 01:18:00,2026-05-12 00:51:00,1.7676423,1.51
NHITS_11KV_KUBERA,2026-05-12 01:21:00,2026-05-12 00:51:00,1.7210588,1.51
NHITS_11KV_KUBERA,2026-05-12 01:24:00,2026-05-12 00:51:00,1.6426357,1.52
NHITS_11KV_KUBERA,2026-05-12 01:27:00,2026-05-12 00:51:00,1.6166874,1.5
NHITS_11KV_KUBERA,2026-05-12 01:30:00,2026-05-12 00:51:00,1.5609059,1.5
NHITS_11KV_KUBERA,2026-05-12 01:33:00,2026-05-12 00:51:00,1.6225059,1.5
NHITS_11KV_KUBERA,2026-05-12 01:36:00,2026-05-12 00:51:00,1.6939313,1.51
NHITS_11KV_KUBERA,2026-05-12 01:39:00,2026-05-12 00:51:00,1.7564497,1.49
NHITS_11KV_KUBERA,2026-05-12 01:42:00,2026-05-12 00:51:00,1.7199442,1.49
NHITS_11KV_KUBERA,2026-05-12 01:45:00,2026-05-12 00:51:00,1.6934793,1.48
NHITS_11KV_KUBERA,2026-05-12 01:48:00,2026-05-12 00:51:00,1.5684321,1.5
NHITS_11KV_KUBERA,2026-05-12 01:51:00,2026-05-12 00:51:00,1.5288451,1.46
NHITS_11KV_KUBERA,2026-05-12 00:57:00,2026-05-12 00:54:00,1.6285119,1.52
NHITS_11KV_KUBERA,2026-05-12 01:00:00,2026-05-12 00:54:00,1.7714603,1.5150000000000001
NHITS_11KV_KUBERA,2026-05-12 01:03:00,2026-05-12 00:54:00,1.7958237,1.51
NHITS_11KV_KUBERA,2026-05-12 01:06:00,2026-05-12 00:54:00,1.8070822,1.52
NHITS_11KV_KUBERA,2026-05-12 01:09:00,2026-05-12 00:54:00,1.7116702,1.51
NHITS_11KV_KUBERA,2026-05-12 01:12:00,2026-05-12 00:54:00,1.6303087,1.51
NHITS_11KV_KUBERA,2026-05-12 01:15:00,2026-05-12 00:54:00,1.6603056,1.51
NHITS_11KV_KUBERA,2026-05-12 01:18:00,2026-05-12 00:54:00,1.6459239,1.51
NHITS_11KV_KUBERA,2026-05-12 01:21:00,2026-05-12 00:54:00,1.7238505,1.51
NHITS_11KV_KUBERA,2026-05-12 01:24:00,2026-05-12 00:54:00,1.685832,1.52
NHITS_11KV_KUBERA,2026-05-12 01:27:00,2026-05-12 00:54:00,1.619884,1.5
NHITS_11KV_KUBERA,2026-05-12 01:30:00,2026-05-12 00:54:00,1.6034027,1.5
NHITS_11KV_KUBERA,2026-05-12 01:33:00,2026-05-12 00:54:00,1.5556562,1.5
NHITS_11KV_KUBERA,2026-05-12 01:36:00,2026-05-12 00:54:00,1.619665,1.51
NHITS_11KV_KUBERA,2026-05-12 01:39:00,2026-05-12 00:54:00,1.6871086,1.49
NHITS_11KV_KUBERA,2026-05-12 01:42:00,2026-05-12 00:54:00,1.7420332,1.49
NHITS_11KV_KUBERA,2026-05-12 01:45:00,2026-05-12 00:54:00,1.7022382,1.48
NHITS_11KV_KUBERA,2026-05-12 01:48:00,2026-05-12 00:54:00,1.6750348,1.5
NHITS_11KV_KUBERA,2026-05-12 01:51:00,2026-05-12 00:54:00,1.5538566,1.46
NHITS_11KV_KUBERA,2026-05-12 01:54:00,2026-05-12 00:54:00,1.516355,1.46
NHITS_11KV_KUBERA,2026-05-12 01:00:00,2026-05-12 00:57:00,1.6280928,1.5150000000000001
NHITS_11KV_KUBERA,2026-05-12 01:03:00,2026-05-12 00:57:00,1.7655053,1.51
NHITS_11KV_KUBERA,2026-05-12 01:06:00,2026-05-12 00:57:00,1.7890731,1.52
NHITS_11KV_KUBERA,2026-05-12 01:09:00,2026-05-12 00:57:00,1.8013656,1.51
NHITS_11KV_KUBERA,2026-05-12 01:12:00,2026-05-12 00:57:00,1.7057298,1.51
NHITS_11KV_KUBERA,2026-05-12 01:15:00,2026-05-12 00:57:00,1.6258128,1.51
NHITS_11KV_KUBERA,2026-05-12 01:18:00,2026-05-12 00:57:00,1.6585306,1.51
NHITS_11KV_KUBERA,2026-05-12 01:21:00,2026-05-12 00:57:00,1.6478708,1.51
NHITS_11KV_KUBERA,2026-05-12 01:24:00,2026-05-12 00:57:00,1.7344943,1.52
NHITS_11KV_KUBERA,2026-05-12 01:27:00,2026-05-12 00:57:00,1.6977719,1.5
NHITS_11KV_KUBERA,2026-05-12 01:30:00,2026-05-12 00:57:00,1.6334921,1.5
NHITS_11KV_KUBERA,2026-05-12 01:33:00,2026-05-12 00:57:00,1.6117387,1.5
NHITS_11KV_KUBERA,2026-05-12 01:36:00,2026-05-12 00:57:00,1.5620005,1.51
NHITS_11KV_KUBERA,2026-05-12 01:39:00,2026-05-12 00:57:00,1.621821,1.49
NHITS_11KV_KUBERA,2026-05-12 01:42:00,2026-05-12 00:57:00,1.6823924,1.49
NHITS_11KV_KUBERA,2026-05-12 01:45:00,2026-05-12 00:57:00,1.7331965,1.48
NHITS_11KV_KUBERA,2026-05-12 01:48:00,2026-05-12 00:57:00,1.6960742,1.5
NHITS_11KV_KUBERA,2026-05-12 01:51:00,2026-05-12 00:57:00,1.6686842,1.46
NHITS_11KV_KUBERA,2026-05-12 01:54:00,2026-05-12 00:57:00,1.5494426,1.46
NHITS_11KV_KUBERA,2026-05-12 01:57:00,2026-05-12 00:57:00,1.5125084,1.47
NHITS_11KV_KUBERA,2026-05-12 01:03:00,2026-05-12 01:00:00,1.6134839,1.51
NHITS_11KV_KUBERA,2026-05-12 01:06:00,2026-05-12 01:00:00,1.7521522,1.52
NHITS_11KV_KUBERA,2026-05-12 01:09:00,2026-05-12 01:00:00,1.7799095,1.51
NHITS_11KV_KUBERA,2026-05-12 01:12:00,2026-05-12 01:00:00,1.7898498,1.51
NHITS_11KV_KUBERA,2026-05-12 01:15:00,2026-05-12 01:00:00,1.6852099,1.51
NHITS_11KV_KUBERA,2026-05-12 01:18:00,2026-05-12 01:00:00,1.5941849,1.51
NHITS_11KV_KUBERA,2026-05-12 01:21:00,2026-05-12 01:00:00,1.6155024,1.51
NHITS_11KV_KUBERA,2026-05-12 01:24:00,2026-05-12 01:00:00,1.5995798,1.52
NHITS_11KV_KUBERA,2026-05-12 01:27:00,2026-05-12 01:00:00,1.6829152,1.5
NHITS_11KV_KUBERA,2026-05-12 01:30:00,2026-05-12 01:00:00,1.6481177,1.5
NHITS_11KV_KUBERA,2026-05-12 01:33:00,2026-05-12 01:00:00,1.58971,1.5
NHITS_11KV_KUBERA,2026-05-12 01:36:00,2026-05-12 01:00:00,1.5761592,1.51
NHITS_11KV_KUBERA,2026-05-12 01:39:00,2026-05-12 01:00:00,1.5341446,1.49
NHITS_11KV_KUBERA,2026-05-12 01:42:00,2026-05-12 01:00:00,1.5936035,1.49
NHITS_11KV_KUBERA,2026-05-12 01:45:00,2026-05-12 01:00:00,1.6507758,1.48
NHITS_11KV_KUBERA,2026-05-12 01:48:00,2026-05-12 01:00:00,1.7035551,1.5
NHITS_11KV_KUBERA,2026-05-12 01:51:00,2026-05-12 01:00:00,1.6679444,1.46
NHITS_11KV_KUBERA,2026-05-12 01:54:00,2026-05-12 01:00:00,1.643663,1.46
NHITS_11KV_KUBERA,2026-05-12 01:57:00,2026-05-12 01:00:00,1.5236564,1.47
NHITS_11KV_KUBERA,2026-05-12 02:00:00,2026-05-12 01:00:00,1.4886854,1.47
NHITS_11KV_KUBERA,2026-05-12 01:06:00,2026-05-12 01:03:00,1.5989263,1.52
NHITS_11KV_KUBERA,2026-05-12 01:09:00,2026-05-12 01:03:00,1.7410215,1.51
NHITS_11KV_KUBERA,2026-05-12 01:12:00,2026-05-12 01:03:00,1.770258,1.51
NHITS_11KV_KUBERA,2026-05-12 01:15:00,2026-05-12 01:03:00,1.7782619,1.51
NHITS_11KV_KUBERA,2026-05-12 01:18:00,2026-05-12 01:03:00,1.6724337,1.51
NHITS_11KV_KUBERA,2026-05-12 01:21:00,2026-05-12 01:03:00,1.579647,1.51
NHITS_11KV_KUBERA,2026-05-12 01:24:00,2026-05-12 01:03:00,1.6086798,1.52
NHITS_11KV_KUBERA,2026-05-12 01:27:00,2026-05-12 01:03:00,1.5981331,1.5
NHITS_11KV_KUBERA,2026-05-12 01:30:00,2026-05-12 01:03:00,1.6909356,1.5
NHITS_11KV_KUBERA,2026-05-12 01:33:00,2026-05-12 01:03:00,1.6577753,1.5
NHITS_11KV_KUBERA,2026-05-12 01:36:00,2026-05-12 01:03:00,1.5977545,1.51
NHITS_11KV_KUBERA,2026-05-12 01:39:00,2026-05-12 01:03:00,1.5789726,1.49
NHITS_11KV_KUBERA,2026-05-12 01:42:00,2026-05-12 01:03:00,1.5291653,1.49
NHITS_11KV_KUBERA,2026-05-12 01:45:00,2026-05-12 01:03:00,1.5850048,1.48
NHITS_11KV_KUBERA,2026-05-12 01:48:00,2026-05-12 01:03:00,1.6379957,1.5
NHITS_11KV_KUBERA,2026-05-12 01:51:00,2026-05-12 01:03:00,1.6895642,1.46
NHITS_11KV_KUBERA,2026-05-12 01:54:00,2026-05-12 01:03:00,1.6517282,1.46
NHITS_11KV_KUBERA,2026-05-12 01:57:00,2026-05-12 01:03:00,1.6285937,1.47
NHITS_11KV_KUBERA,2026-05-12 02:00:00,2026-05-12 01:03:00,1.511556,1.47
NHITS_11KV_KUBERA,2026-05-12 02:03:00,2026-05-12 01:03:00,1.4784973,1.45
NHITS_11KV_KUBERA,2026-05-12 01:09:00,2026-05-12 01:06:00,1.6194768,1.51
NHITS_11KV_KUBERA,2026-05-12 01:12:00,2026-05-12 01:06:00,1.7472519,1.51
NHITS_11KV_KUBERA,2026-05-12 01:15:00,2026-05-12 01:06:00,1.7711929,1.51
NHITS_11KV_KUBERA,2026-05-12 01:18:00,2026-05-12 01:06:00,1.7772342,1.51
NHITS_11KV_KUBERA,2026-05-12 01:21:00,2026-05-12 01:06:00,1.6760327,1.51
NHITS_11KV_KUBERA,2026-05-12 01:24:00,2026-05-12 01:06:00,1.5896624,1.52
NHITS_11KV_KUBERA,2026-05-12 01:27:00,2026-05-12 01:06:00,1.6190132,1.5
NHITS_11KV_KUBERA,2026-05-12 01:30:00,2026-05-12 01:06:00,1.6117768,1.5
NHITS_11KV_KUBERA,2026-05-12 01:33:00,2026-05-12 01:06:00,1.7012587,1.5
NHITS_11KV_KUBERA,2026-05-12 01:36:00,2026-05-12 01:06:00,1.6705192,1.51
NHITS_11KV_KUBERA,2026-05-12 01:39:00,2026-05-12 01:06:00,1.60274,1.49
NHITS_11KV_KUBERA,2026-05-12 01:42:00,2026-05-12 01:06:00,1.5814981,1.49
NHITS_11KV_KUBERA,2026-05-12 01:45:00,2026-05-12 01:06:00,1.5263842,1.48
NHITS_11KV_KUBERA,2026-05-12 01:48:00,2026-05-12 01:06:00,1.5834837,1.5
NHITS_11KV_KUBERA,2026-05-12 01:51:00,2026-05-12 01:06:00,1.6444132,1.46
NHITS_11KV_KUBERA,2026-05-12 01:54:00,2026-05-12 01:06:00,1.6937273,1.46
NHITS_11KV_KUBERA,2026-05-12 01:57:00,2026-05-12 01:06:00,1.6569548,1.47
NHITS_11KV_KUBERA,2026-05-12 02:00:00,2026-05-12 01:06:00,1.6378826,1.47
NHITS_11KV_KUBERA,2026-05-12 02:03:00,2026-05-12 01:06:00,1.5265989,1.45
NHITS_11KV_KUBERA,2026-05-12 02:06:00,2026-05-12 01:06:00,1.4961782,1.45
NHITS_11KV_KUBERA,2026-05-12 01:12:00,2026-05-12 01:09:00,1.608109,1.51
NHITS_11KV_KUBERA,2026-05-12 01:15:00,2026-05-12 01:09:00,1.7229161,1.51
NHITS_11KV_KUBERA,2026-05-12 01:18:00,2026-05-12 01:09:00,1.7418079,1.51
NHITS_11KV_KUBERA,2026-05-12 01:21:00,2026-05-12 01:09:00,1.7505633,1.51
NHITS_11KV_KUBERA,2026-05-12 01:24:00,2026-05-12 01:09:00,1.6583335,1.52
NHITS_11KV_KUBERA,2026-05-12 01:27:00,2026-05-12 01:09:00,1.5778973,1.5
NHITS_11KV_KUBERA,2026-05-12 01:30:00,2026-05-12 01:09:00,1.6055505,1.5
NHITS_11KV_KUBERA,2026-05-12 01:33:00,2026-05-12 01:09:00,1.6021925,1.5
NHITS_11KV_KUBERA,2026-05-12 01:36:00,2026-05-12 01:09:00,1.6938109,1.51
NHITS_11KV_KUBERA,2026-05-12 01:39:00,2026-05-12 01:09:00,1.669757,1.49
NHITS_11KV_KUBERA,2026-05-12 01:42:00,2026-05-12 01:09:00,1.6026821,1.49
NHITS_11KV_KUBERA,2026-05-12 01:45:00,2026-05-12 01:09:00,1.5790387,1.48
NHITS_11KV_KUBERA,2026-05-12 01:48:00,2026-05-12 01:09:00,1.5206023,1.5
NHITS_11KV_KUBERA,2026-05-12 01:51:00,2026-05-12 01:09:00,1.5747317,1.46
NHITS_11KV_KUBERA,2026-05-12 01:54:00,2026-05-12 01:09:00,1.6359503,1.46
NHITS_11KV_KUBERA,2026-05-12 01:57:00,2026-05-12 01:09:00,1.6790653,1.47
NHITS_11KV_KUBERA,2026-05-12 02:00:00,2026-05-12 01:09:00,1.6445462,1.47
NHITS_11KV_KUBERA,2026-05-12 02:03:00,2026-05-12 01:09:00,1.6260607,1.45
NHITS_11KV_KUBERA,2026-05-12 02:06:00,2026-05-12 01:09:00,1.5167814,1.45
NHITS_11KV_KUBERA,2026-05-12 02:09:00,2026-05-12 01:09:00,1.4893974,1.44
NHITS_11KV_KUBERA,2026-05-12 01:15:00,2026-05-12 01:12:00,1.6080668,1.51
NHITS_11KV_KUBERA,2026-05-12 01:18:00,2026-05-12 01:12:00,1.719639,1.51
NHITS_11KV_KUBERA,2026-05-12 01:21:00,2026-05-12 01:12:00,1.723268,1.51
NHITS_11KV_KUBERA,2026-05-12 01:24:00,2026-05-12 01:12:00,1.7212676,1.52
NHITS_11KV_KUBERA,2026-05-12 01:27:00,2026-05-12 01:12:00,1.6273315,1.5
NHITS_11KV_KUBERA,2026-05-12 01:30:00,2026-05-12 01:12:00,1.5503649,1.5
NHITS_11KV_KUBERA,2026-05-12 01:33:00,2026-05-12 01:12:00,1.583235,1.5
NHITS_11KV_KUBERA,2026-05-12 01:36:00,2026-05-12 01:12:00,1.5850055,1.51
NHITS_11KV_KUBERA,2026-05-12 01:39:00,2026-05-12 01:12:00,1.6724057,1.49
NHITS_11KV_KUBERA,2026-05-12 01:42:00,2026-05-12 01:12:00,1.6481714,1.49
NHITS_11KV_KUBERA,2026-05-12 01:45:00,2026-05-12 01:12:00,1.5766704,1.48
NHITS_11KV_KUBERA,2026-05-12 01:48:00,2026-05-12 01:12:00,1.5529013,1.5
NHITS_11KV_KUBERA,2026-05-12 01:51:00,2026-05-12 01:12:00,1.4984218,1.46
NHITS_11KV_KUBERA,2026-05-12 01:54:00,2026-05-12 01:12:00,1.5504906,1.46
NHITS_11KV_KUBERA,2026-05-12 01:57:00,2026-05-12 01:12:00,1.6122429,1.47
NHITS_11KV_KUBERA,2026-05-12 02:00:00,2026-05-12 01:12:00,1.6633999,1.47
NHITS_11KV_KUBERA,2026-05-12 02:03:00,2026-05-12 01:12:00,1.6375619,1.45
NHITS_11KV_KUBERA,2026-05-12 02:06:00,2026-05-12 01:12:00,1.6266063,1.45
NHITS_11KV_KUBERA,2026-05-12 02:09:00,2026-05-12 01:12:00,1.522379,1.44
NHITS_11KV_KUBERA,2026-05-12 02:12:00,2026-05-12 01:12:00,1.4948933,1.43
NHITS_11KV_KUBERA,2026-05-12 01:18:00,2026-05-12 01:15:00,1.6063503,1.51
NHITS_11KV_KUBERA,2026-05-12 01:21:00,2026-05-12 01:15:00,1.6945267,1.51
NHITS_11KV_KUBERA,2026-05-12 01:24:00,2026-05-12 01:15:00,1.6974834,1.52
NHITS_11KV_KUBERA,2026-05-12 01:27:00,2026-05-12 01:15:00,1.7073348,1.5
NHITS_11KV_KUBERA,2026-05-12 01:30:00,2026-05-12 01:15:00,1.6245843,1.5
NHITS_11KV_KUBERA,2026-05-12 01:33:00,2026-05-12 01:15:00,1.5563618,1.5
NHITS_11KV_KUBERA,2026-05-12 01:36:00,2026-05-12 01:15:00,1.5730659,1.51
NHITS_11KV_KUBERA,2026-05-12 01:39:00,2026-05-12 01:15:00,1.5675852,1.49
NHITS_11KV_KUBERA,2026-05-12 01:42:00,2026-05-12 01:15:00,1.650451,1.49
NHITS_11KV_KUBERA,2026-05-12 01:45:00,2026-05-12 01:15:00,1.6366285,1.48
NHITS_11KV_KUBERA,2026-05-12 01:48:00,2026-05-12 01:15:00,1.5754813,1.5
NHITS_11KV_KUBERA,2026-05-12 01:51:00,2026-05-12 01:15:00,1.555827,1.46
NHITS_11KV_KUBERA,2026-05-12 01:54:00,2026-05-12 01:15:00,1.5075272,1.46
NHITS_11KV_KUBERA,2026-05-12 01:57:00,2026-05-12 01:15:00,1.5578903,1.47
NHITS_11KV_KUBERA,2026-05-12 02:00:00,2026-05-12 01:15:00,1.6091737,1.47
NHITS_11KV_KUBERA,2026-05-12 02:03:00,2026-05-12 01:15:00,1.6443759,1.45
NHITS_11KV_KUBERA,2026-05-12 02:06:00,2026-05-12 01:15:00,1.6187589,1.45
NHITS_11KV_KUBERA,2026-05-12 02:09:00,2026-05-12 01:15:00,1.6099629,1.44
NHITS_11KV_KUBERA,2026-05-12 02:12:00,2026-05-12 01:15:00,1.5057627,1.43
NHITS_11KV_KUBERA,2026-05-12 02:15:00,2026-05-12 01:15:00,1.482603,1.43
NHITS_11KV_KUBERA,2026-05-12 01:21:00,2026-05-12 01:18:00,1.594225,1.51
NHITS_11KV_KUBERA,2026-05-12 01:24:00,2026-05-12 01:18:00,1.6853931,1.52
NHITS_11KV_KUBERA,2026-05-12 01:27:00,2026-05-12 01:18:00,1.6822388,1.5
NHITS_11KV_KUBERA,2026-05-12 01:30:00,2026-05-12 01:18:00,1.6915841,1.5
NHITS_11KV_KUBERA,2026-05-12 01:33:00,2026-05-12 01:18:00,1.6171917,1.5
NHITS_11KV_KUBERA,2026-05-12 01:36:00,2026-05-12 01:18:00,1.5598634,1.51
NHITS_11KV_KUBERA,2026-05-12 01:39:00,2026-05-12 01:18:00,1.5858297,1.49
NHITS_11KV_KUBERA,2026-05-12 01:42:00,2026-05-12 01:18:00,1.5819662,1.49
NHITS_11KV_KUBERA,2026-05-12 01:45:00,2026-05-12 01:18:00,1.6644975,1.48
NHITS_11KV_KUBERA,2026-05-12 01:48:00,2026-05-12 01:18:00,1.6510375,1.5
NHITS_11KV_KUBERA,2026-05-12 01:51:00,2026-05-12 01:18:00,1.5920348,1.46
NHITS_11KV_KUBERA,2026-05-12 01:54:00,2026-05-12 01:18:00,1.5713737,1.46
NHITS_11KV_KUBERA,2026-05-12 01:57:00,2026-05-12 01:18:00,1.5210068,1.47
NHITS_11KV_KUBERA,2026-05-12 02:00:00,2026-05-12 01:18:00,1.5716538,1.47
NHITS_11KV_KUBERA,2026-05-12 02:03:00,2026-05-12 01:18:00,1.6252661,1.45
NHITS_11KV_KUBERA,2026-05-12 02:06:00,2026-05-12 01:18:00,1.6633651,1.45
NHITS_11KV_KUBERA,2026-05-12 02:09:00,2026-05-12 01:18:00,1.6372395,1.44
NHITS_11KV_KUBERA,2026-05-12 02:12:00,2026-05-12 01:18:00,1.6297828,1.43
NHITS_11KV_KUBERA,2026-05-12 02:15:00,2026-05-12 01:18:00,1.5296983,1.43
NHITS_11KV_KUBERA,2026-05-12 02:18:00,2026-05-12 01:18:00,1.5080534,1.39
NHITS_11KV_KUBERA,2026-05-12 01:24:00,2026-05-12 01:21:00,1.5884615,1.52
NHITS_11KV_KUBERA,2026-05-12 01:27:00,2026-05-12 01:21:00,1.7011898,1.5
NHITS_11KV_KUBERA,2026-05-12 01:30:00,2026-05-12 01:21:00,1.7065073,1.5
NHITS_11KV_KUBERA,2026-05-12 01:33:00,2026-05-12 01:21:00,1.7144437,1.5
NHITS_11KV_KUBERA,2026-05-12 01:36:00,2026-05-12 01:21:00,1.6320097,1.51
NHITS_11KV_KUBERA,2026-05-12 01:39:00,2026-05-12 01:21:00,1.5651095,1.49
NHITS_11KV_KUBERA,2026-05-12 01:42:00,2026-05-12 01:21:00,1.5984422,1.49
NHITS_11KV_KUBERA,2026-05-12 01:45:00,2026-05-12 01:21:00,1.595495,1.48
NHITS_11KV_KUBERA,2026-05-12 01:48:00,2026-05-12 01:21:00,1.6903589,1.5
NHITS_11KV_KUBERA,2026-05-12 01:51:00,2026-05-12 01:21:00,1.6727471,1.46
NHITS_11KV_KUBERA,2026-05-12 01:54:00,2026-05-12 01:21:00,1.6175275,1.46
NHITS_11KV_KUBERA,2026-05-12 01:57:00,2026-05-12 01:21:00,1.5877575,1.47
NHITS_11KV_KUBERA,2026-05-12 02:00:00,2026-05-12 01:21:00,1.5304637,1.47
NHITS_11KV_KUBERA,2026-05-12 02:03:00,2026-05-12 01:21:00,1.5710224,1.45
NHITS_11KV_KUBERA,2026-05-12 02:06:00,2026-05-12 01:21:00,1.6222976,1.45
NHITS_11KV_KUBERA,2026-05-12 02:09:00,2026-05-12 01:21:00,1.6667436,1.44
NHITS_11KV_KUBERA,2026-05-12 02:12:00,2026-05-12 01:21:00,1.6433809,1.43
NHITS_11KV_KUBERA,2026-05-12 02:15:00,2026-05-12 01:21:00,1.6414865,1.43
NHITS_11KV_KUBERA,2026-05-12 02:18:00,2026-05-12 01:21:00,1.548665,1.39
NHITS_11KV_KUBERA,2026-05-12 02:21:00,2026-05-12 01:21:00,1.5306951,1.39
