unique_id,ds,y,IR,IY,IB,VRY,VYB,VBR,avg_current,current_imbalance_pct,avg_voltage,voltage_imbalance_pct,tod_sin,tod_cos,hour,minute,day_of_week,is_weekend
NHITS_RMU1,2026-05-11 01:06:00,0.269,15.1,16.0,14.6,11.2,11.2,11.2,15.233333333333334,5.032822757111591,11.199999999999998,1.5860328923216526e-14,0.28401534470392265,0.958819734868193,1.0,6.0,0.0,0.0
NHITS_RMU1,2026-05-11 01:09:00,0.26,14.2,15.0,13.9,11.2,11.2,11.2,14.366666666666667,4.408352668213453,11.199999999999998,1.5860328923216526e-14,0.29654157497557093,0.9550199444571866,1.0,9.0,0.0,0.0
NHITS_RMU1,2026-05-11 01:12:00,0.258,14.2,15.0,13.9,11.2,11.2,11.2,14.366666666666667,4.408352668213453,11.199999999999998,1.5860328923216526e-14,0.3090169943749474,0.9510565162951535,1.0,12.0,0.0,0.0
NHITS_RMU1,2026-05-11 01:15:00,0.257,13.9,14.7,13.3,11.2,11.2,11.2,13.966666666666669,5.250596658711197,11.199999999999998,1.5860328923216526e-14,0.3214394653031616,0.9469301294951057,1.0,15.0,0.0,0.0
NHITS_RMU1,2026-05-11 01:18:00,0.259,13.9,14.7,13.3,11.2,11.2,11.2,13.966666666666669,5.250596658711197,11.199999999999998,1.5860328923216526e-14,0.33380685923377096,0.9426414910921784,1.0,18.0,0.0,0.0
NHITS_RMU1,2026-05-11 01:21:00,0.262,14.2,14.5,13.8,11.2,11.2,11.2,14.166666666666666,2.588235294117638,11.199999999999998,1.5860328923216526e-14,0.34611705707749296,0.9381913359224842,1.0,21.0,0.0,0.0
NHITS_RMU1,2026-05-11 01:24:00,0.275,13.9,15.6,13.6,11.2,11.2,11.2,14.366666666666667,8.58468677494199,11.199999999999998,1.5860328923216526e-14,0.3583679495453002,0.9335804264972017,1.0,24.0,0.0,0.0
NHITS_RMU1,2026-05-11 01:27:00,0.287,13.9,15.6,13.6,11.2,11.2,11.2,14.366666666666667,8.58468677494199,11.199999999999998,1.5860328923216526e-14,0.3705574375098362,0.9288095528719242,1.0,27.0,0.0,0.0
NHITS_RMU1,2026-05-11 01:30:00,0.272,14.1,16.1,14.0,11.2,11.2,11.2,14.733333333333334,9.276018099547514,11.199999999999998,1.5860328923216526e-14,0.3826834323650898,0.9238795325112867,1.0,30.0,0.0,0.0
NHITS_RMU1,2026-05-11 01:33:00,0.272,14.1,16.1,14.0,11.2,11.2,11.2,14.733333333333334,9.276018099547514,11.199999999999998,1.5860328923216526e-14,0.39474385638426723,0.9187912101488983,1.0,33.0,0.0,0.0
NHITS_RMU1,2026-05-11 01:36:00,0.272,13.7,15.6,13.5,11.2,11.2,11.2,14.266666666666666,9.34579439252337,11.199999999999998,1.5860328923216526e-14,0.40673664307580015,0.9135454576426009,1.0,36.0,0.0,0.0
NHITS_RMU1,2026-05-11 01:39:00,0.271,14.3,15.6,13.9,11.2,11.2,11.2,14.6,6.8493150684931505,11.199999999999998,1.5860328923216526e-14,0.418659737537428,0.9081431738250814,1.0,39.0,0.0,0.0
NHITS_RMU1,2026-05-11 01:42:00,0.279,14.3,15.6,13.9,11.2,11.2,11.2,14.6,6.8493150684931505,11.199999999999998,1.5860328923216526e-14,0.4305110968082951,0.9025852843498606,1.0,42.0,0.0,0.0
NHITS_RMU1,2026-05-11 01:45:00,0.289,14.1,15.6,13.7,11.2,11.2,11.2,14.466666666666667,7.834101382488476,11.199999999999998,1.5860328923216526e-14,0.4422886902190013,0.8968727415326883,1.0,45.0,0.0,0.0
NHITS_RMU1,2026-05-11 01:48:00,0.3,14.1,15.6,13.7,11.2,11.2,11.2,14.466666666666667,7.834101382488476,11.199999999999998,1.5860328923216526e-14,0.45399049973954675,0.8910065241883679,1.0,48.0,0.0,0.0
NHITS_RMU1,2026-05-11 01:51:00,0.258,15.4,16.0,14.5,11.2,11.2,11.2,15.299999999999999,5.2287581699346335,11.199999999999998,1.5860328923216526e-14,0.4656145203251114,0.8849876374630419,1.0,51.0,0.0,0.0
NHITS_RMU1,2026-05-11 01:54:00,0.263,13.6,14.3,13.2,11.2,11.2,11.2,13.699999999999998,4.379562043795644,11.199999999999998,1.5860328923216526e-14,0.4771587602596084,0.8788171126619654,1.0,54.0,0.0,0.0
NHITS_RMU1,2026-05-11 01:57:00,0.26,13.6,14.3,13.2,11.2,11.2,11.2,13.699999999999998,4.379562043795644,11.199999999999998,1.5860328923216526e-14,0.4886212414969549,0.8724960070727972,1.0,57.0,0.0,0.0
NHITS_RMU1,2026-05-11 02:00:00,0.279,13.7,14.5,13.3,11.2,11.2,11.2,13.833333333333334,4.81927710843373,11.199999999999998,1.5860328923216526e-14,0.49999999999999994,0.8660254037844387,2.0,0.0,0.0,0.0
NHITS_RMU1,2026-05-11 02:03:00,0.262,13.7,14.5,13.3,11.2,11.2,11.2,13.833333333333334,4.81927710843373,11.199999999999998,1.5860328923216526e-14,0.511293086077052,0.8594064115014527,2.0,3.0,0.0,0.0
NHITS_RMU1,2026-05-11 02:06:00,0.28,14.3,15.0,13.7,11.3,11.3,11.3,14.333333333333334,4.651162790697669,11.300000000000002,1.5719972030090708e-14,0.5224985647159488,0.8526401643540922,2.0,6.0,0.0,0.0
NHITS_RMU1,2026-05-11 02:09:00,0.276,14.7,15.6,14.2,11.2,11.2,11.3,14.833333333333334,5.16853932584269,11.233333333333334,0.5934718100890186,0.5336145159156115,0.8457278217039733,2.0,9.0,0.0,0.0
NHITS_RMU1,2026-05-11 02:12:00,0.276,14.7,15.6,14.2,11.2,11.2,11.2,14.833333333333334,5.16853932584269,11.199999999999998,1.5860328923216526e-14,0.5446390350150271,0.838670567945424,2.0,12.0,0.0,0.0
NHITS_RMU1,2026-05-11 02:15:00,0.269,14.2,14.7,13.9,11.3,11.3,11.3,14.266666666666666,3.0373831775700952,11.300000000000002,1.5719972030090708e-14,0.5555702330196022,0.8314696123025452,2.0,15.0,0.0,0.0
NHITS_RMU1,2026-05-11 02:18:00,0.286,14.2,14.7,13.9,11.2,11.2,11.3,14.266666666666666,3.0373831775700952,11.233333333333334,0.5934718100890186,0.5664062369248328,0.8241261886220157,2.0,18.0,0.0,0.0
NHITS_RMU1,2026-05-11 02:21:00,0.285,15.0,15.9,14.9,11.2,11.2,11.2,15.266666666666666,4.148471615720533,11.199999999999998,1.5860328923216526e-14,0.5771451900372336,0.8166415551616789,2.0,21.0,0.0,0.0
NHITS_RMU1,2026-05-11 02:24:00,0.284,15.1,16.1,14.6,11.3,11.3,11.3,15.266666666666667,5.458515283842798,11.300000000000002,1.5719972030090708e-14,0.5877852522924731,0.8090169943749475,2.0,24.0,0.0,0.0
NHITS_RMU1,2026-05-11 02:27:00,0.284,15.1,16.1,14.6,11.3,11.3,11.3,15.266666666666667,5.458515283842798,11.300000000000002,1.5719972030090708e-14,0.5983246005706591,0.8012538126910607,2.0,27.0,0.0,0.0
NHITS_RMU1,2026-05-11 02:30:00,0.291,14.7,15.6,14.3,11.1,11.1,11.1,14.866666666666665,4.932735426008976,11.1,0.0,0.6087614290087207,0.7933533402912352,2.0,30.0,0.0,0.0
NHITS_RMU1,2026-05-11 02:33:00,0.263,14.7,15.6,14.3,11.1,11.1,11.1,14.866666666666665,4.932735426008976,11.1,0.0,0.619093949309834,0.785316930880745,2.0,33.0,0.0,0.0
NHITS_RMU1,2026-05-11 02:36:00,0.283,14.9,15.7,14.5,11.1,11.1,11.1,15.033333333333333,4.4345898004434545,11.1,0.0,0.6293203910498375,0.7771459614569709,2.0,36.0,0.0,0.0
NHITS_RMU1,2026-05-11 02:39:00,0.277,15.4,16.4,14.2,11.1,11.1,11.1,15.333333333333334,7.391304347826095,11.1,0.0,0.6394390019805847,0.7688418320734596,2.0,39.0,0.0,0.0
NHITS_RMU1,2026-05-11 02:42:00,0.288,15.4,16.4,14.2,11.1,11.1,11.1,15.333333333333334,7.391304347826095,11.1,0.0,0.6494480483301837,0.7604059656000309,2.0,42.0,0.0,0.0
NHITS_RMU1,2026-05-11 02:45:00,0.259,14.8,15.5,14.5,11.1,11.1,11.1,14.933333333333332,3.794642857142868,11.1,0.0,0.6593458151000688,0.7518398074789774,2.0,45.0,0.0,0.0
NHITS_RMU1,2026-05-11 02:48:00,0.286,14.8,15.5,14.5,11.1,11.1,11.2,14.933333333333332,3.794642857142868,11.133333333333333,0.5988023952095788,0.6691306063588581,0.7431448254773944,2.0,48.0,0.0,0.0
NHITS_RMU1,2026-05-11 02:51:00,0.28,14.9,15.5,14.4,11.1,11.1,11.1,14.933333333333332,3.794642857142868,11.1,0.0,0.6788007455329417,0.7343225094356856,2.0,51.0,0.0,0.0
NHITS_RMU1,2026-05-11 02:54:00,0.284,15.1,15.8,14.6,11.2,11.2,11.2,15.166666666666666,4.175824175824185,11.199999999999998,1.5860328923216526e-14,0.6883545756937539,0.7253743710122876,2.0,54.0,0.0,0.0
NHITS_RMU1,2026-05-11 02:57:00,0.28,15.1,15.8,14.6,11.1,11.2,11.2,15.166666666666666,4.175824175824185,11.166666666666666,0.5970149253731323,0.6977904598416802,0.7163019434246543,2.0,57.0,0.0,0.0
NHITS_RMU1,2026-05-11 03:00:00,0.277,13.9,16.0,14.1,11.2,11.2,11.2,14.666666666666666,9.090909090909095,11.199999999999998,1.5860328923216526e-14,0.7071067811865475,0.7071067811865476,3.0,0.0,0.0,0.0
NHITS_RMU1,2026-05-11 03:03:00,0.267,13.9,16.0,14.1,11.2,11.2,11.2,14.666666666666666,9.090909090909095,11.199999999999998,1.5860328923216526e-14,0.7163019434246543,0.6977904598416802,3.0,3.0,0.0,0.0
NHITS_RMU1,2026-05-11 03:06:00,0.266,13.8,15.8,14.1,11.2,11.2,11.2,14.566666666666668,8.466819221967958,11.199999999999998,1.5860328923216526e-14,0.7253743710122876,0.688354575693754,3.0,6.0,0.0,0.0
NHITS_RMU1,2026-05-11 03:09:00,0.276,13.7,15.9,14.0,11.2,11.2,11.2,14.533333333333333,9.403669724770646,11.199999999999998,1.5860328923216526e-14,0.7343225094356856,0.6788007455329418,3.0,9.0,0.0,0.0
NHITS_RMU1,2026-05-11 03:12:00,0.283,13.7,15.9,14.0,11.1,11.2,11.2,14.533333333333333,9.403669724770646,11.166666666666666,0.5970149253731323,0.7431448254773941,0.6691306063588582,3.0,12.0,0.0,0.0
NHITS_RMU1,2026-05-11 03:15:00,0.287,14.5,15.5,14.1,11.2,11.2,11.2,14.700000000000001,5.442176870748291,11.199999999999998,1.5860328923216526e-14,0.7518398074789773,0.659345815100069,3.0,15.0,0.0,0.0
NHITS_RMU1,2026-05-11 03:18:00,0.273,14.5,15.5,14.1,11.1,11.2,11.2,14.700000000000001,5.442176870748291,11.166666666666666,0.5970149253731323,0.7604059656000308,0.6494480483301838,3.0,18.0,0.0,0.0
NHITS_RMU1,2026-05-11 03:21:00,0.278,14.7,15.5,14.3,11.2,11.2,11.2,14.833333333333334,4.494382022471905,11.199999999999998,1.5860328923216526e-14,0.7688418320734596,0.6394390019805847,3.0,21.0,0.0,0.0
NHITS_RMU1,2026-05-11 03:24:00,0.28,14.8,15.5,14.4,11.2,11.2,11.2,14.9,4.02684563758389,11.199999999999998,1.5860328923216526e-14,0.7771459614569708,0.6293203910498375,3.0,24.0,0.0,0.0
NHITS_RMU1,2026-05-11 03:27:00,0.265,14.8,15.5,14.4,11.2,11.2,11.2,14.9,4.02684563758389,11.199999999999998,1.5860328923216526e-14,0.785316930880745,0.619093949309834,3.0,27.0,0.0,0.0
NHITS_RMU1,2026-05-11 03:30:00,0.264,14.4,15.4,14.4,11.2,11.2,11.2,14.733333333333334,4.52488687782805,11.199999999999998,1.5860328923216526e-14,0.7933533402912352,0.6087614290087207,3.0,30.0,0.0,0.0
NHITS_RMU1,2026-05-11 03:33:00,0.272,14.4,15.4,14.4,11.2,11.2,11.2,14.733333333333334,4.52488687782805,11.199999999999998,1.5860328923216526e-14,0.8012538126910607,0.5983246005706591,3.0,33.0,0.0,0.0
NHITS_RMU1,2026-05-11 03:36:00,0.272,14.4,15.3,14.0,11.2,11.2,11.2,14.566666666666668,5.0343249427917565,11.199999999999998,1.5860328923216526e-14,0.8090169943749475,0.5877852522924731,3.0,36.0,0.0,0.0
NHITS_RMU1,2026-05-11 03:39:00,0.269,14.5,15.2,14.1,11.2,11.2,11.2,14.6,4.109589041095888,11.199999999999998,1.5860328923216526e-14,0.8166415551616789,0.5771451900372337,3.0,39.0,0.0,0.0
NHITS_RMU1,2026-05-11 03:42:00,0.269,14.5,15.2,14.1,11.2,11.2,11.2,14.6,4.109589041095888,11.199999999999998,1.5860328923216526e-14,0.8241261886220157,0.5664062369248328,3.0,42.0,0.0,0.0
NHITS_RMU1,2026-05-11 03:45:00,0.283,14.3,14.8,13.8,11.2,11.2,11.2,14.300000000000002,3.4965034965035082,11.199999999999998,1.5860328923216526e-14,0.8314696123025452,0.5555702330196023,3.0,45.0,0.0,0.0
NHITS_RMU1,2026-05-11 03:48:00,0.271,14.3,14.8,13.8,11.2,11.2,11.2,14.300000000000002,3.4965034965035082,11.199999999999998,1.5860328923216526e-14,0.8386705679454239,0.5446390350150272,3.0,48.0,0.0,0.0
NHITS_RMU1,2026-05-11 03:51:00,0.284,14.1,14.8,13.8,11.2,11.2,11.2,14.233333333333334,3.98126463700234,11.199999999999998,1.5860328923216526e-14,0.8457278217039733,0.5336145159156115,3.0,51.0,0.0,0.0
NHITS_RMU1,2026-05-11 03:54:00,0.28,15.0,15.9,14.5,11.2,11.2,11.3,15.133333333333333,5.06607929515419,11.233333333333334,0.5934718100890186,0.8526401643540922,0.5224985647159489,3.0,54.0,0.0,0.0
NHITS_RMU1,2026-05-11 03:57:00,0.299,15.0,15.9,14.5,11.2,11.2,11.2,15.133333333333333,5.06607929515419,11.199999999999998,1.5860328923216526e-14,0.8594064115014527,0.511293086077052,3.0,57.0,0.0,0.0
NHITS_RMU1,2026-05-11 04:00:00,0.282,15.1,16.3,14.6,11.2,11.2,11.3,15.333333333333334,6.304347826086958,11.233333333333334,0.5934718100890186,0.8660254037844386,0.5000000000000001,4.0,0.0,0.0,0.0
NHITS_RMU1,2026-05-11 04:03:00,0.279,15.1,16.3,14.6,11.2,11.2,11.2,15.333333333333334,6.304347826086958,11.199999999999998,1.5860328923216526e-14,0.8724960070727971,0.48862124149695496,4.0,3.0,0.0,0.0
NHITS_RMU1,2026-05-11 04:06:00,0.266,14.5,15.2,14.2,11.2,11.2,11.2,14.633333333333333,3.872437357630978,11.199999999999998,1.5860328923216526e-14,0.8788171126619653,0.47715876025960857,4.0,6.0,0.0,0.0
NHITS_RMU1,2026-05-11 04:09:00,0.28,14.9,15.7,14.0,11.2,11.2,11.2,14.866666666666667,5.829596412556056,11.199999999999998,1.5860328923216526e-14,0.8849876374630419,0.4656145203251113,4.0,9.0,0.0,0.0
NHITS_RMU1,2026-05-11 04:12:00,0.272,14.9,15.7,14.0,11.2,11.2,11.2,14.866666666666667,5.829596412556056,11.199999999999998,1.5860328923216526e-14,0.8910065241883678,0.4539904997395468,4.0,12.0,0.0,0.0
NHITS_RMU1,2026-05-11 04:15:00,0.302,15.3,17.2,15.7,11.2,11.2,11.2,16.066666666666666,7.05394190871369,11.199999999999998,1.5860328923216526e-14,0.8968727415326884,0.44228869021900125,4.0,15.0,0.0,0.0
NHITS_RMU1,2026-05-11 04:18:00,0.295,15.3,17.2,14.95,11.2,11.2,11.2,15.816666666666668,8.746048472075854,11.199999999999998,1.5860328923216526e-14,0.9025852843498605,0.43051109680829525,4.0,18.0,0.0,0.0
NHITS_RMU1,2026-05-11 04:21:00,0.263,13.8,15.6,14.2,11.2,11.2,11.2,14.533333333333331,7.339449541284416,11.199999999999998,1.5860328923216526e-14,0.9081431738250813,0.41865973753742813,4.0,21.0,0.0,0.0
NHITS_RMU1,2026-05-11 04:24:00,0.271,13.5,15.5,14.2,11.2,11.2,11.2,14.4,7.638888888888887,11.199999999999998,1.5860328923216526e-14,0.9135454576426009,0.4067366430758002,4.0,24.0,0.0,0.0
NHITS_RMU1,2026-05-11 04:27:00,0.266,13.5,15.5,14.2,11.2,11.2,11.3,14.4,7.638888888888887,11.233333333333334,0.5934718100890186,0.9187912101488983,0.3947438563842672,4.0,27.0,0.0,0.0
NHITS_RMU1,2026-05-11 04:30:00,0.267,13.5,15.2,14.0,11.2,11.2,11.2,14.233333333333334,6.791569086651042,11.199999999999998,1.5860328923216526e-14,0.9238795325112867,0.38268343236508984,4.0,30.0,0.0,0.0
NHITS_RMU1,2026-05-11 04:33:00,0.267,13.5,15.2,14.0,11.2,11.2,11.2,14.233333333333334,6.791569086651042,11.199999999999998,1.5860328923216526e-14,0.9288095528719241,0.3705574375098364,4.0,33.0,0.0,0.0
NHITS_RMU1,2026-05-11 04:36:00,0.275,13.7,15.5,14.2,11.2,11.2,11.2,14.466666666666667,7.1428571428571415,11.199999999999998,1.5860328923216526e-14,0.9335804264972017,0.3583679495453004,4.0,36.0,0.0,0.0
NHITS_RMU1,2026-05-11 04:39:00,0.273,14.2,15.9,14.5,11.2,11.2,11.2,14.866666666666667,6.950672645739909,11.199999999999998,1.5860328923216526e-14,0.9381913359224842,0.346117057077493,4.0,39.0,0.0,0.0
NHITS_RMU1,2026-05-11 04:42:00,0.274,14.2,15.9,14.5,11.1,11.1,11.2,14.866666666666667,6.950672645739909,11.133333333333333,0.5988023952095788,0.9426414910921784,0.3338068592337709,4.0,42.0,0.0,0.0
NHITS_RMU1,2026-05-11 04:45:00,0.277,13.8,15.3,14.1,11.2,11.2,11.2,14.4,6.250000000000002,11.199999999999998,1.5860328923216526e-14,0.9469301294951056,0.3214394653031617,4.0,45.0,0.0,0.0
NHITS_RMU1,2026-05-11 04:48:00,0.271,13.8,15.3,14.1,11.1,11.1,11.2,14.4,6.250000000000002,11.133333333333333,0.5988023952095788,0.9510565162951535,0.30901699437494745,4.0,48.0,0.0,0.0
NHITS_RMU1,2026-05-11 04:51:00,0.293,14.7,15.2,13.7,11.2,11.2,11.2,14.533333333333331,5.733944954128433,11.199999999999998,1.5860328923216526e-14,0.9550199444571865,0.29654157497557115,4.0,51.0,0.0,0.0
NHITS_RMU1,2026-05-11 04:54:00,0.281,15.4,16.0,14.4,11.2,11.2,11.2,15.266666666666666,5.676855895196499,11.199999999999998,1.5860328923216526e-14,0.958819734868193,0.28401534470392253,4.0,54.0,0.0,0.0
NHITS_RMU1,2026-05-11 04:57:00,0.269,15.4,16.0,14.4,11.1,11.1,11.2,15.266666666666666,5.676855895196499,11.133333333333333,0.5988023952095788,0.9624552364536473,0.2714404498650743,4.0,57.0,0.0,0.0
NHITS_RMU1,2026-05-11 05:00:00,0.265,14.7,15.3,13.8,11.2,11.2,11.2,14.6,5.479452054794513,11.199999999999998,1.5860328923216526e-14,0.9659258262890683,0.25881904510252074,5.0,0.0,0.0,0.0
NHITS_RMU1,2026-05-11 05:03:00,0.265,14.7,15.3,13.8,11.2,11.2,11.2,14.6,5.479452054794513,11.199999999999998,1.5860328923216526e-14,0.9692309097067544,0.24615329302899316,5.0,3.0,0.0,0.0
NHITS_RMU1,2026-05-11 05:06:00,0.264,14.7,15.7,13.7,11.2,11.2,11.2,14.699999999999998,6.802721088435387,11.199999999999998,1.5860328923216526e-14,0.9723699203976766,0.23344536385590547,5.0,6.0,0.0,0.0
NHITS_RMU1,2026-05-11 05:09:00,0.265,14.3,15.1,13.2,11.2,11.2,11.2,14.199999999999998,7.042253521126749,11.199999999999998,1.5860328923216526e-14,0.9753423205085127,0.22069743502150108,5.0,9.0,0.0,0.0
NHITS_RMU1,2026-05-11 05:12:00,0.265,14.3,15.1,13.2,11.2,11.2,11.2,14.199999999999998,7.042253521126749,11.199999999999998,1.5860328923216526e-14,0.9781476007338057,0.20791169081775923,5.0,12.0,0.0,0.0
NHITS_RMU1,2026-05-11 05:15:00,0.268,14.3,15.3,13.4,11.1,11.1,11.2,14.333333333333334,6.744186046511629,11.133333333333333,0.5988023952095788,0.9807852804032304,0.19509032201612833,5.0,15.0,0.0,0.0
NHITS_RMU1,2026-05-11 05:18:00,0.268,14.3,15.3,13.4,11.2,11.2,11.2,14.333333333333334,6.744186046511629,11.199999999999998,1.5860328923216526e-14,0.9832549075639545,0.18223552549214767,5.0,18.0,0.0,0.0
NHITS_RMU1,2026-05-11 05:21:00,0.254,13.9,14.8,12.9,11.1,11.1,11.2,13.866666666666667,6.971153846153848,11.133333333333333,0.5988023952095788,0.9855560590580777,0.16934950384902475,5.0,21.0,0.0,0.0
NHITS_RMU1,2026-05-11 05:24:00,0.277,15.0,15.8,14.1,11.1,11.1,11.2,14.966666666666667,5.790645879732742,11.133333333333333,0.5988023952095788,0.9876883405951378,0.15643446504023092,5.0,24.0,0.0,0.0
NHITS_RMU1,2026-05-11 05:27:00,0.273,15.0,15.8,14.1,11.1,11.1,11.2,14.966666666666667,5.790645879732742,11.133333333333333,0.5988023952095788,0.9896513868196702,0.1434926219911793,5.0,27.0,0.0,0.0
NHITS_RMU1,2026-05-11 05:30:00,0.284,16.0,16.4,15.0,11.2,11.1,11.2,15.799999999999999,5.0632911392405,11.166666666666666,0.5970149253731323,0.9914448613738104,0.1305261922200517,5.0,30.0,0.0,0.0
NHITS_RMU1,2026-05-11 05:33:00,0.272,16.0,16.4,15.0,11.1,11.1,11.2,15.799999999999999,5.0632911392405,11.133333333333333,0.5988023952095788,0.9930684569549263,0.1175373974578377,5.0,33.0,0.0,0.0
NHITS_RMU1,2026-05-11 05:36:00,0.27,15.0,15.5,14.0,11.1,11.1,11.2,14.833333333333334,5.617977528089892,11.133333333333333,0.5988023952095788,0.9945218953682733,0.10452846326765368,5.0,36.0,0.0,0.0
NHITS_RMU1,2026-05-11 05:39:00,0.265,14.5,15.0,13.5,11.1,11.1,11.2,14.333333333333334,5.813953488372097,11.133333333333333,0.5988023952095788,0.9958049275746618,0.0915016186634023,5.0,39.0,0.0,0.0
NHITS_RMU1,2026-05-11 05:42:00,0.266,14.5,15.0,13.5,11.1,11.1,11.1,14.333333333333334,5.813953488372097,11.1,0.0,0.996917333733128,0.078459095727845,5.0,42.0,0.0,0.0
NHITS_RMU1,2026-05-11 05:45:00,0.28,15.7,16.2,14.8,11.1,11.1,11.1,15.566666666666668,4.9250535331905825,11.1,0.0,0.9978589232386035,0.06540312923014305,5.0,45.0,0.0,0.0
NHITS_RMU1,2026-05-11 05:48:00,0.277,15.7,16.2,14.8,11.1,11.1,11.1,15.566666666666668,4.9250535331905825,11.1,0.0,0.9986295347545738,0.052335956242943966,5.0,48.0,0.0,0.0
NHITS_RMU1,2026-05-11 05:51:00,0.281,15.3,16.1,14.1,11.0,11.0,11.1,15.166666666666666,7.032967032967032,11.033333333333333,0.6042296072507531,0.9992290362407229,0.039259815759068666,5.0,51.0,0.0,0.0
NHITS_RMU1,2026-05-11 05:54:00,0.283,15.3,16.1,14.1,11.1,11.0,11.1,15.166666666666666,7.032967032967032,11.066666666666668,0.6024096385542307,0.9996573249755573,0.02617694830787314,5.0,54.0,0.0,0.0
NHITS_RMU1,2026-05-11 05:57:00,0.271,15.3,16.1,14.1,11.0,11.0,11.1,15.166666666666666,7.032967032967032,11.033333333333333,0.6042296072507531,0.999914327574007,0.013089595571344353,5.0,57.0,0.0,0.0
NHITS_RMU1,2026-05-11 06:00:00,0.273,15.8,16.3,14.8,11.1,11.1,11.1,15.633333333333335,5.330490405117275,11.1,0.0,1.0,6.123233995736766e-17,6.0,0.0,0.0,0.0
NHITS_RMU1,2026-05-11 06:03:00,0.283,15.8,16.3,14.8,11.1,11.1,11.2,15.633333333333335,5.330490405117275,11.133333333333333,0.5988023952095788,0.999914327574007,-0.01308959557134423,6.0,3.0,0.0,0.0
NHITS_RMU1,2026-05-11 06:06:00,0.354,17.2,17.7,15.8,11.1,11.1,11.2,16.900000000000002,6.508875739644978,11.133333333333333,0.5988023952095788,0.9996573249755573,-0.026176948307873017,6.0,6.0,0.0,0.0
NHITS_RMU1,2026-05-11 06:09:00,0.3933333333333333,19.419999999999998,28.6,17.82,11.1,11.1,11.1,21.94666666666667,30.315917375455644,11.1,0.0,0.9992290362407229,-0.03925981575906877,6.0,9.0,0.0,0.0
NHITS_RMU1,2026-05-11 06:12:00,0.43266666666666664,21.64,29.5,19.84,11.1,11.1,11.1,23.66,24.683009298393912,11.1,0.0,0.9986295347545738,-0.05233595624294384,6.0,12.0,0.0,0.0
NHITS_RMU1,2026-05-11 06:15:00,0.472,23.86,22.7,21.86,11.0,11.0,11.1,22.80666666666667,4.618532592809109,11.033333333333333,0.6042296072507531,0.9978589232386035,-0.06540312923014314,6.0,15.0,0.0,0.0
NHITS_RMU1,2026-05-11 06:18:00,0.478,26.08,22.7,23.88,10.9,10.9,11.0,24.22,7.679603633360856,10.933333333333332,0.6097560975609898,0.996917333733128,-0.07845909572784487,6.0,18.0,0.0,0.0
NHITS_RMU1,2026-05-11 06:21:00,0.576,28.3,27.8,25.9,11.0,11.0,11.0,27.333333333333332,5.243902439024392,11.0,0.0,0.9958049275746618,-0.0915016186634024,6.0,21.0,0.0,0.0
NHITS_RMU1,2026-05-11 06:24:00,0.674,41.4,27.8,25.9,10.9,10.9,10.9,31.7,30.5993690851735,10.9,0.0,0.9945218953682734,-0.10452846326765333,6.0,24.0,0.0,0.0
NHITS_RMU1,2026-05-11 06:27:00,0.742,41.4,27.8,25.9,10.9,10.9,10.9,31.7,30.5993690851735,10.9,0.0,0.9930684569549263,-0.11753739745783758,6.0,27.0,0.0,0.0
NHITS_RMU1,2026-05-11 06:30:00,0.796,43.1,58.3,40.4,10.9,10.9,10.9,47.26666666666667,23.34273624823693,10.9,0.0,0.9914448613738105,-0.13052619222005138,6.0,30.0,0.0,0.0
NHITS_RMU1,2026-05-11 06:33:00,0.811,43.1,58.3,40.4,10.9,10.9,11.0,47.26666666666667,23.34273624823693,10.933333333333332,0.6097560975609898,0.9896513868196702,-0.14349262199117915,6.0,33.0,0.0,0.0
NHITS_RMU1,2026-05-11 06:36:00,0.819,69.8,52.8,52.2,10.9,10.9,10.9,58.26666666666667,19.79405034324941,10.9,0.0,0.9876883405951378,-0.1564344650402306,6.0,36.0,0.0,0.0
NHITS_RMU1,2026-05-11 06:39:00,0.827,49.0,46.8,46.4,10.9,10.8,10.9,47.4,3.3755274261603407,10.866666666666667,0.6134969325153352,0.9855560590580777,-0.1693495038490246,6.0,39.0,0.0,0.0
NHITS_RMU1,2026-05-11 06:42:00,0.876,44.5,46.8,42.0,10.9,10.9,10.9,44.43333333333334,5.476369092273076,10.9,0.0,0.9832549075639546,-0.18223552549214753,6.0,42.0,0.0,0.0
NHITS_RMU1,2026-05-11 06:45:00,1.13,60.3,57.7,57.4,10.9,10.9,10.9,58.46666666666667,3.135689851767381,10.9,0.0,0.9807852804032304,-0.1950903220161282,6.0,45.0,0.0,0.0
NHITS_RMU1,2026-05-11 06:48:00,1.14,60.3,57.7,57.4,10.9,10.9,10.9,58.46666666666667,3.135689851767381,10.9,0.0,0.9781476007338057,-0.20791169081775912,6.0,48.0,0.0,0.0
NHITS_RMU1,2026-05-11 06:51:00,0.962,52.8,50.5,49.8,10.9,10.9,10.9,51.03333333333333,3.461789679947745,10.9,0.0,0.9753423205085128,-0.22069743502150097,6.0,51.0,0.0,0.0
NHITS_RMU1,2026-05-11 06:54:00,0.933,52.5,50.6,50.4,10.9,10.8,10.9,51.166666666666664,2.605863192182415,10.866666666666667,0.6134969325153352,0.9723699203976766,-0.23344536385590556,6.0,54.0,0.0,0.0
NHITS_RMU1,2026-05-11 06:57:00,1.11,55.5,53.3,53.2,10.9,10.8,10.9,54.0,2.7777777777777777,10.866666666666667,0.6134969325153352,0.9692309097067544,-0.24615329302899305,6.0,57.0,0.0,0.0
NHITS_RMU1,2026-05-11 07:00:00,0.876,65.9,63.2,63.5,10.8,10.8,10.9,64.2,2.6479750778816245,10.833333333333334,0.6153846153846132,0.9659258262890683,-0.25881904510252085,7.0,0.0,0.0,0.0
NHITS_RMU1,2026-05-11 07:03:00,0.93,65.9,63.2,63.5,10.8,10.8,10.9,64.2,2.6479750778816245,10.833333333333334,0.6153846153846132,0.9624552364536473,-0.2714404498650742,7.0,3.0,0.0,0.0
NHITS_RMU1,2026-05-11 07:06:00,0.864,55.9,53.6,53.9,10.8,10.8,10.8,54.46666666666667,2.631578947368415,10.800000000000002,1.644774851296528e-14,0.958819734868193,-0.28401534470392265,7.0,6.0,0.0,0.0
NHITS_RMU1,2026-05-11 07:09:00,0.954,59.5,57.2,56.8,10.8,10.7,10.8,57.833333333333336,2.881844380403454,10.766666666666666,0.6191950464396263,0.9550199444571866,-0.2965415749755708,7.0,9.0,0.0,0.0
NHITS_RMU1,2026-05-11 07:12:00,1.2,59.5,57.2,56.8,10.8,10.7,10.8,57.833333333333336,2.881844380403454,10.766666666666666,0.6191950464396263,0.9510565162951536,-0.30901699437494734,7.0,12.0,0.0,0.0
NHITS_RMU1,2026-05-11 07:15:00,1.32,56.9,54.5,53.9,10.7,10.7,10.8,55.1,3.2667876588021727,10.733333333333334,0.621118012422358,0.9469301294951057,-0.32143946530316136,7.0,15.0,0.0,0.0
NHITS_RMU1,2026-05-11 07:18:00,0.912,56.9,54.5,53.9,10.7,10.7,10.7,55.1,3.2667876588021727,10.699999999999998,1.660146578878739e-14,0.9426414910921784,-0.3338068592337708,7.0,18.0,0.0,0.0
NHITS_RMU1,2026-05-11 07:21:00,0.912,59.8,57.5,57.2,10.7,10.7,10.7,58.166666666666664,2.8080229226361024,10.699999999999998,1.660146578878739e-14,0.9381913359224843,-0.3461170570774927,7.0,21.0,0.0,0.0
NHITS_RMU1,2026-05-11 07:24:00,0.928,59.8,57.5,57.2,10.7,10.7,10.8,58.166666666666664,2.8080229226361024,10.733333333333334,0.621118012422358,0.9335804264972017,-0.35836794954530027,7.0,24.0,0.0,0.0
NHITS_RMU1,2026-05-11 07:27:00,0.916,58.7,56.1,57.1,10.7,10.7,10.7,57.300000000000004,2.4432809773123885,10.699999999999998,1.660146578878739e-14,0.9288095528719242,-0.3705574375098363,7.0,27.0,0.0,0.0
NHITS_RMU1,2026-05-11 07:30:00,1.09,57.2,53.9,53.3,10.7,10.7,10.7,54.79999999999999,4.379562043795644,10.699999999999998,1.660146578878739e-14,0.9238795325112867,-0.3826834323650897,7.0,30.0,0.0,0.0
NHITS_RMU1,2026-05-11 07:33:00,0.805,57.2,53.9,53.3,10.7,10.7,10.7,54.79999999999999,4.379562043795644,10.699999999999998,1.660146578878739e-14,0.9187912101488984,-0.39474385638426707,7.0,33.0,0.0,0.0
NHITS_RMU1,2026-05-11 07:36:00,0.88,52.3,50.8,49.9,10.8,10.8,10.9,51.0,2.5490196078431318,10.833333333333334,0.6153846153846132,0.913545457642601,-0.40673664307580004,7.0,36.0,0.0,0.0
NHITS_RMU1,2026-05-11 07:39:00,0.833,52.3,50.8,49.9,11.0,10.9,11.0,51.0,2.5490196078431318,10.966666666666667,0.6079027355623079,0.9081431738250813,-0.41865973753742824,7.0,39.0,0.0,0.0
NHITS_RMU1,2026-05-11 07:42:00,0.9,55.1,53.7,52.9,11.0,10.9,11.0,53.900000000000006,2.2263450834879324,10.966666666666667,0.6079027355623079,0.9025852843498605,-0.43051109680829536,7.0,42.0,0.0,0.0
NHITS_RMU1,2026-05-11 07:45:00,0.891,55.0,53.7,52.9,11.0,10.9,11.0,53.86666666666667,2.103960396039603,10.966666666666667,0.6079027355623079,0.8968727415326884,-0.44228869021900113,7.0,45.0,0.0,0.0
NHITS_RMU1,2026-05-11 07:48:00,0.948,55.0,53.7,52.9,11.0,11.0,11.0,53.86666666666667,2.103960396039603,11.0,0.0,0.8910065241883679,-0.4539904997395467,7.0,48.0,0.0,0.0
NHITS_RMU1,2026-05-11 07:51:00,1.26,51.0,49.5,47.8,11.0,11.0,11.0,49.43333333333334,3.304113283884032,11.0,0.0,0.8849876374630419,-0.4656145203251114,7.0,51.0,0.0,0.0
NHITS_RMU1,2026-05-11 07:54:00,1.08,51.0,49.5,47.8,11.0,10.9,11.0,49.43333333333334,3.304113283884032,10.966666666666667,0.6079027355623079,0.8788171126619654,-0.47715876025960846,7.0,54.0,0.0,0.0
NHITS_RMU1,2026-05-11 07:57:00,1.12,67.6,64.9,63.9,11.0,11.0,11.0,65.46666666666667,3.25865580448064,11.0,0.0,0.8724960070727973,-0.4886212414969547,7.0,57.0,0.0,0.0
NHITS_RMU1,2026-05-11 08:00:00,1.05,63.5,61.5,60.8,11.0,11.0,11.0,61.93333333333334,2.5296017222820173,11.0,0.0,0.8660254037844387,-0.4999999999999998,8.0,0.0,0.0,0.0
NHITS_RMU1,2026-05-11 08:03:00,1.05,57.5,61.5,60.8,10.9,10.9,10.9,59.93333333333334,4.060066740823143,10.9,0.0,0.8594064115014525,-0.5112930860770524,8.0,3.0,0.0,0.0
NHITS_RMU1,2026-05-11 08:06:00,1.1,83.1,83.1,83.1,10.9,10.9,10.9,83.1,0.0,10.9,0.0,0.8526401643540923,-0.5224985647159488,8.0,6.0,0.0,0.0
NHITS_RMU1,2026-05-11 08:09:00,1.06,57.9,83.1,57.4,10.8,10.8,10.8,66.13333333333334,25.65524193548385,10.800000000000002,1.644774851296528e-14,0.8457278217039732,-0.5336145159156115,8.0,9.0,0.0,0.0
NHITS_RMU1,2026-05-11 08:12:00,1.08,60.5,60.6,59.8,10.8,10.8,10.8,60.29999999999999,0.8291873963515638,10.800000000000002,1.644774851296528e-14,0.8386705679454243,-0.5446390350150268,8.0,12.0,0.0,0.0
NHITS_RMU1,2026-05-11 08:15:00,1.1,67.0,67.4,66.9,10.9,10.9,10.9,67.10000000000001,0.4470938897168362,10.9,0.0,0.8314696123025455,-0.555570233019602,8.0,15.0,0.0,0.0
NHITS_RMU1,2026-05-11 08:18:00,1.05,67.0,67.4,66.9,10.9,10.9,10.9,67.10000000000001,0.4470938897168362,10.9,0.0,0.8241261886220156,-0.566406236924833,8.0,18.0,0.0,0.0
NHITS_RMU1,2026-05-11 08:21:00,0.989,54.1,54.5,53.7,10.9,10.9,10.9,54.1,0.7393715341959308,10.9,0.0,0.816641555161679,-0.5771451900372335,8.0,21.0,0.0,0.0
NHITS_RMU1,2026-05-11 08:24:00,0.944,54.1,54.5,53.7,10.9,10.9,10.9,54.1,0.7393715341959308,10.9,0.0,0.8090169943749475,-0.587785252292473,8.0,24.0,0.0,0.0
NHITS_RMU1,2026-05-11 08:27:00,0.666,54.3,54.7,54.5,10.9,10.9,10.9,54.5,0.3669724770642254,10.9,0.0,0.8012538126910609,-0.5983246005706587,8.0,27.0,0.0,0.0
NHITS_RMU1,2026-05-11 08:30:00,1.05,47.8,47.8,47.6,10.9,10.9,10.9,47.73333333333333,0.27932960893853165,10.9,0.0,0.7933533402912352,-0.6087614290087207,8.0,30.0,0.0,0.0
NHITS_RMU1,2026-05-11 08:33:00,0.848,47.8,47.8,47.6,10.9,10.9,10.9,47.73333333333333,0.27932960893853165,10.9,0.0,0.7853169308807448,-0.6190939493098341,8.0,33.0,0.0,0.0
NHITS_RMU1,2026-05-11 08:36:00,0.742,56.6,56.2,56.1,10.8,10.8,10.8,56.300000000000004,0.5328596802841867,10.800000000000002,1.644774851296528e-14,0.777145961456971,-0.6293203910498373,8.0,36.0,0.0,0.0
NHITS_RMU1,2026-05-11 08:39:00,0.576,56.6,56.2,56.1,10.8,10.8,10.8,56.300000000000004,0.5328596802841867,10.800000000000002,1.644774851296528e-14,0.7688418320734596,-0.6394390019805847,8.0,39.0,0.0,0.0
NHITS_RMU1,2026-05-11 08:42:00,0.646,57.6,57.4,58.1,10.9,10.9,10.9,57.699999999999996,0.6932409012131815,10.9,0.0,0.760405965600031,-0.6494480483301835,8.0,42.0,0.0,0.0
NHITS_RMU1,2026-05-11 08:45:00,0.573,57.6,57.4,58.1,10.9,10.9,10.9,57.699999999999996,0.6932409012131815,10.9,0.0,0.7518398074789774,-0.6593458151000688,8.0,45.0,0.0,0.0
NHITS_RMU1,2026-05-11 08:48:00,0.677,39.3,38.6,39.1,10.9,10.9,10.9,39.0,1.025641025641022,10.9,0.0,0.7431448254773942,-0.6691306063588582,8.0,48.0,0.0,0.0
NHITS_RMU1,2026-05-11 08:51:00,0.565,36.1,36.0,36.3,10.9,10.9,10.9,36.13333333333333,0.46125461254611894,10.9,0.0,0.7343225094356858,-0.6788007455329416,8.0,51.0,0.0,0.0
NHITS_RMU1,2026-05-11 08:54:00,0.53,36.1,36.0,36.3,10.9,10.9,10.9,36.13333333333333,0.46125461254611894,10.9,0.0,0.7253743710122875,-0.6883545756937541,8.0,54.0,0.0,0.0
NHITS_RMU1,2026-05-11 08:57:00,0.624,54.6,54.7,54.6,10.9,10.9,10.9,54.63333333333333,0.12202562538133616,10.9,0.0,0.7163019434246547,-0.6977904598416798,8.0,57.0,0.0,0.0
NHITS_RMU1,2026-05-11 09:00:00,0.954,54.6,54.7,54.6,10.9,10.9,10.9,54.63333333333333,0.12202562538133616,10.9,0.0,0.7071067811865476,-0.7071067811865475,9.0,0.0,0.0,0.0
NHITS_RMU1,2026-05-11 09:03:00,0.633,42.4,42.6,42.7,10.8,10.8,10.8,42.56666666666667,0.39154267815192967,10.800000000000002,1.644774851296528e-14,0.6977904598416799,-0.7163019434246546,9.0,3.0,0.0,0.0
NHITS_RMU1,2026-05-11 09:06:00,0.622,42.4,42.6,42.7,10.8,10.8,10.8,42.56666666666667,0.39154267815192967,10.800000000000002,1.644774851296528e-14,0.6883545756937542,-0.7253743710122874,9.0,6.0,0.0,0.0
NHITS_RMU1,2026-05-11 09:09:00,0.615,40.3,40.3,39.7,10.8,10.8,10.8,40.1,0.9975062344139615,10.800000000000002,1.644774851296528e-14,0.6788007455329417,-0.7343225094356857,9.0,9.0,0.0,0.0
NHITS_RMU1,2026-05-11 09:12:00,0.509,37.3,37.4,37.6,10.8,10.8,10.8,37.43333333333333,0.4452359750667981,10.800000000000002,1.644774851296528e-14,0.6691306063588583,-0.743144825477394,9.0,12.0,0.0,0.0
NHITS_RMU1,2026-05-11 09:15:00,0.541,37.3,37.4,37.6,10.8,10.8,10.8,37.43333333333333,0.4452359750667981,10.800000000000002,1.644774851296528e-14,0.659345815100069,-0.7518398074789773,9.0,15.0,0.0,0.0
NHITS_RMU1,2026-05-11 09:18:00,0.564,40.6,40.1,40.4,10.8,10.8,10.8,40.36666666666667,0.6606110652353403,10.800000000000002,1.644774851296528e-14,0.6494480483301838,-0.7604059656000309,9.0,18.0,0.0,0.0
NHITS_RMU1,2026-05-11 09:21:00,0.541,31.7,40.1,31.0,10.8,10.8,10.8,34.266666666666666,17.023346303501953,10.800000000000002,1.644774851296528e-14,0.6394390019805848,-0.7688418320734595,9.0,21.0,0.0,0.0
NHITS_RMU1,2026-05-11 09:24:00,0.532,37.7,37.7,37.3,10.9,10.9,10.9,37.56666666666667,0.7098491570541423,10.9,0.0,0.6293203910498374,-0.7771459614569709,9.0,24.0,0.0,0.0
NHITS_RMU1,2026-05-11 09:27:00,0.541,37.7,37.7,37.3,10.8,10.8,10.8,37.56666666666667,0.7098491570541423,10.800000000000002,1.644774851296528e-14,0.6190939493098342,-0.7853169308807447,9.0,27.0,0.0,0.0
NHITS_RMU1,2026-05-11 09:30:00,0.5185000000000001,39.4,38.1,39.3,10.8,10.8,10.8,38.93333333333333,2.1404109589040976,10.800000000000002,1.644774851296528e-14,0.6087614290087209,-0.793353340291235,9.0,30.0,0.0,0.0
NHITS_RMU1,2026-05-11 09:33:00,0.496,39.4,38.1,56.4,10.8,10.8,10.8,44.63333333333333,26.36295743091859,10.800000000000002,1.644774851296528e-14,0.5983246005706588,-0.8012538126910608,9.0,33.0,0.0,0.0
NHITS_RMU1,2026-05-11 09:36:00,0.339,39.4,38.1,29.8,10.8,10.8,10.8,35.766666666666666,16.682199440820128,10.800000000000002,1.644774851296528e-14,0.5877852522924732,-0.8090169943749473,9.0,36.0,0.0,0.0
NHITS_RMU1,2026-05-11 09:39:00,0.489,39.4,38.1,29.8,10.8,10.8,10.8,35.766666666666666,16.682199440820128,10.800000000000002,1.644774851296528e-14,0.5771451900372336,-0.8166415551616789,9.0,39.0,0.0,0.0
NHITS_RMU1,2026-05-11 09:42:00,0.434,35.2,38.1,29.8,10.9,10.9,10.9,34.36666666666667,13.288069835111541,10.9,0.0,0.5664062369248332,-0.8241261886220155,9.0,42.0,0.0,0.0
NHITS_RMU1,2026-05-11 09:45:00,0.379,44.6,44.5,46.6,10.8,10.8,10.8,45.23333333333333,3.021370670596922,10.800000000000002,1.644774851296528e-14,0.5555702330196022,-0.8314696123025453,9.0,45.0,0.0,0.0
NHITS_RMU1,2026-05-11 09:48:00,0.328,44.6,44.5,46.6,10.8,10.8,10.8,45.23333333333333,3.021370670596922,10.800000000000002,1.644774851296528e-14,0.544639035015027,-0.8386705679454242,9.0,48.0,0.0,0.0
NHITS_RMU1,2026-05-11 09:51:00,0.495,22.9,23.5,25.5,11.2,11.2,11.2,23.96666666666667,6.39777468706536,11.199999999999998,1.5860328923216526e-14,0.5336145159156117,-0.8457278217039732,9.0,51.0,0.0,0.0
NHITS_RMU1,2026-05-11 09:54:00,0.403,22.9,23.5,25.5,11.2,11.2,11.2,23.96666666666667,6.39777468706536,11.199999999999998,1.5860328923216526e-14,0.5224985647159489,-0.8526401643540922,9.0,54.0,0.0,0.0
NHITS_RMU1,2026-05-11 09:57:00,0.399,22.9,23.5,25.5,11.1,11.1,11.1,23.96666666666667,6.39777468706536,11.1,0.0,0.5112930860770525,-0.8594064115014525,9.0,57.0,0.0,0.0
NHITS_RMU1,2026-05-11 10:00:00,0.385,21.6,22.3,23.4,11.0,11.0,11.0,22.433333333333337,4.3090638930163205,11.0,0.0,0.49999999999999994,-0.8660254037844387,10.0,0.0,0.0,0.0
NHITS_RMU1,2026-05-11 10:03:00,0.383,32.7,32.4,34.2,11.0,11.0,11.0,33.1,3.3232628398791584,11.0,0.0,0.48862124149695485,-0.8724960070727972,10.0,3.0,0.0,0.0
NHITS_RMU1,2026-05-11 10:06:00,0.29,21.5,21.0,22.5,10.9,11.0,10.9,21.666666666666668,3.8461538461538405,10.933333333333332,0.6097560975609898,0.4771587602596086,-0.8788171126619653,10.0,6.0,0.0,0.0
NHITS_RMU1,2026-05-11 10:09:00,0.355,21.5,21.0,22.5,10.9,10.9,10.8,21.666666666666668,3.8461538461538405,10.866666666666667,0.6134969325153352,0.4656145203251116,-0.8849876374630418,10.0,9.0,0.0,0.0
NHITS_RMU1,2026-05-11 10:12:00,0.558,28.9,28.1,30.1,10.9,10.9,10.9,29.03333333333333,3.673938002296223,10.9,0.0,0.45399049973954686,-0.8910065241883678,10.0,12.0,0.0,0.0
NHITS_RMU1,2026-05-11 10:15:00,0.183,28.9,28.1,30.1,10.9,10.9,10.9,29.03333333333333,3.673938002296223,10.9,0.0,0.4422886902190013,-0.8968727415326883,10.0,15.0,0.0,0.0
NHITS_RMU1,2026-05-11 10:18:00,0.271,17.7,17.7,19.8,10.9,10.9,10.9,18.400000000000002,7.608695652173904,10.9,0.0,0.4305110968082951,-0.9025852843498606,10.0,18.0,0.0,0.0
NHITS_RMU1,2026-05-11 10:21:00,0.429,17.7,17.7,19.8,10.9,10.9,10.9,18.400000000000002,7.608695652173904,10.9,0.0,0.4186597375374284,-0.9081431738250811,10.0,21.0,0.0,0.0
NHITS_RMU1,2026-05-11 10:24:00,0.308,21.5,21.3,22.9,11.0,11.0,11.0,21.899999999999995,4.5662100456621175,11.0,0.0,0.40673664307580004,-0.913545457642601,10.0,24.0,0.0,0.0
NHITS_RMU1,2026-05-11 10:27:00,0.391,21.5,21.3,22.9,11.0,11.0,11.0,21.899999999999995,4.5662100456621175,11.0,0.0,0.39474385638426784,-0.9187912101488981,10.0,27.0,0.0,0.0
NHITS_RMU1,2026-05-11 10:30:00,0.263,22.8,22.2,24.4,10.9,10.9,10.9,23.133333333333336,5.47550432276655,10.9,0.0,0.3826834323650899,-0.9238795325112867,10.0,30.0,0.0,0.0
NHITS_RMU1,2026-05-11 10:33:00,0.371,22.8,22.2,24.4,10.9,11.0,10.9,23.133333333333336,5.47550432276655,10.933333333333332,0.6097560975609898,0.37055743750983583,-0.9288095528719243,10.0,33.0,0.0,0.0
NHITS_RMU1,2026-05-11 10:36:00,0.312,25.5,26.0,27.0,10.9,10.9,10.9,26.166666666666668,3.1847133757961736,10.9,0.0,0.35836794954530066,-0.9335804264972016,10.0,36.0,0.0,0.0
NHITS_RMU1,2026-05-11 10:39:00,0.164,25.5,26.0,27.0,11.0,11.0,11.0,26.166666666666668,3.1847133757961736,11.0,0.0,0.34611705707749285,-0.9381913359224842,10.0,39.0,0.0,0.0
NHITS_RMU1,2026-05-11 10:42:00,0.365,25.5,26.0,27.0,10.9,10.9,10.9,26.166666666666668,3.1847133757961736,10.9,0.0,0.3338068592337712,-0.9426414910921783,10.0,42.0,0.0,0.0
NHITS_RMU1,2026-05-11 10:45:00,0.167,25.5,26.0,27.0,10.9,11.0,10.9,26.166666666666668,3.1847133757961736,10.933333333333332,0.6097560975609898,0.32143946530316175,-0.9469301294951056,10.0,45.0,0.0,0.0
NHITS_RMU1,2026-05-11 10:48:00,0.22,20.3,21.2,22.2,11.0,11.0,11.0,21.233333333333334,4.552590266875973,11.0,0.0,0.3090169943749475,-0.9510565162951535,10.0,48.0,0.0,0.0
NHITS_RMU1,2026-05-11 10:51:00,0.238,17.3,21.2,22.2,11.0,11.0,11.0,20.233333333333334,14.497528830313016,11.0,0.0,0.296541574975571,-0.9550199444571866,10.0,51.0,0.0,0.0
NHITS_RMU1,2026-05-11 10:54:00,0.528,21.7,22.6,24.1,11.0,11.0,11.0,22.8,5.7017543859649145,11.0,0.0,0.2840153447039226,-0.958819734868193,10.0,54.0,0.0,0.0
NHITS_RMU1,2026-05-11 10:57:00,0.233,21.7,22.6,24.1,11.1,11.1,11.1,22.8,5.7017543859649145,11.1,0.0,0.2714404498650746,-0.9624552364536472,10.0,57.0,0.0,0.0
NHITS_RMU1,2026-05-11 11:00:00,0.248,17.4,18.1,19.3,11.1,11.1,11.1,18.266666666666666,5.656934306569353,11.1,0.0,0.258819045102521,-0.9659258262890682,11.0,0.0,0.0,0.0
NHITS_RMU1,2026-05-11 11:03:00,0.176,17.4,18.1,19.3,11.0,11.1,11.0,18.266666666666666,5.656934306569353,11.033333333333333,0.6042296072507531,0.2461532930289928,-0.9692309097067544,11.0,3.0,0.0,0.0
NHITS_RMU1,2026-05-11 11:06:00,0.131,16.1,18.1,19.3,11.0,11.0,11.0,17.833333333333332,9.719626168224286,11.0,0.0,0.23344536385590553,-0.9723699203976766,11.0,6.0,0.0,0.0
NHITS_RMU1,2026-05-11 11:09:00,0.0912,15.4,16.1,17.0,11.0,11.0,11.0,16.166666666666668,5.154639175257724,11.0,0.0,0.22069743502150113,-0.9753423205085127,11.0,9.0,0.0,0.0
NHITS_RMU1,2026-05-11 11:12:00,0.0691,19.6,19.5,21.2,11.0,11.0,11.0,20.099999999999998,5.4726368159204055,11.0,0.0,0.20791169081775973,-0.9781476007338056,11.0,12.0,0.0,0.0
NHITS_RMU1,2026-05-11 11:15:00,0.0782,19.6,16.1,16.2,11.0,11.0,11.0,17.3,13.294797687861275,11.0,0.0,0.1950903220161286,-0.9807852804032304,11.0,15.0,0.0,0.0
NHITS_RMU1,2026-05-11 11:18:00,0.085,19.6,16.1,16.2,11.1,11.2,11.1,17.3,13.294797687861275,11.133333333333333,0.5988023952095788,0.18223552549214728,-0.9832549075639546,11.0,18.0,0.0,0.0
NHITS_RMU1,2026-05-11 11:21:00,0.11,20.7,20.6,22.8,11.2,11.2,11.1,21.366666666666664,6.708268330733248,11.166666666666666,0.5970149253731323,0.1693495038490248,-0.9855560590580777,11.0,21.0,0.0,0.0
NHITS_RMU1,2026-05-11 11:24:00,0.1875,20.7,20.6,22.8,11.1,11.1,11.1,21.366666666666664,6.708268330733248,11.1,0.0,0.15643446504023098,-0.9876883405951377,11.0,24.0,0.0,0.0
NHITS_RMU1,2026-05-11 11:27:00,0.265,20.7,20.6,22.8,11.0,11.1,11.0,21.366666666666664,6.708268330733248,11.033333333333333,0.6042296072507531,0.1434926219911798,-0.9896513868196701,11.0,27.0,0.0,0.0
NHITS_RMU1,2026-05-11 11:30:00,0.29900000000000004,20.7,20.6,22.8,11.0,11.1,11.0,21.366666666666664,6.708268330733248,11.033333333333333,0.6042296072507531,0.13052619222005157,-0.9914448613738104,11.0,30.0,0.0,0.0
NHITS_RMU1,2026-05-11 11:33:00,0.333,9.44,10.7,11.3,11.1,11.1,11.1,10.48,9.923664122137412,11.1,0.0,0.11753739745783755,-0.9930684569549263,11.0,33.0,0.0,0.0
NHITS_RMU1,2026-05-11 11:36:00,0.18610000000000002,9.44,10.7,11.3,11.1,11.1,11.1,10.48,9.923664122137412,11.1,0.0,0.10452846326765373,-0.9945218953682733,11.0,36.0,0.0,0.0
NHITS_RMU1,2026-05-11 11:39:00,0.039200000000000006,10.9,10.7,11.3,11.1,11.1,11.1,10.966666666666669,3.039513677811539,11.1,0.0,0.09150161866340258,-0.9958049275746617,11.0,39.0,0.0,0.0
NHITS_RMU1,2026-05-11 11:42:00,0.0489,10.9,10.7,11.3,11.1,11.1,11.1,10.966666666666669,3.039513677811539,11.1,0.0,0.07845909572784507,-0.996917333733128,11.0,42.0,0.0,0.0
NHITS_RMU1,2026-05-11 11:45:00,0.0228,10.9,10.7,11.3,11.1,11.1,11.1,10.966666666666669,3.039513677811539,11.1,0.0,0.06540312923014312,-0.9978589232386035,11.0,45.0,0.0,0.0
NHITS_RMU1,2026-05-11 11:48:00,0.177,17.8,10.7,11.3,11.1,11.1,11.1,13.266666666666666,34.170854271356795,11.1,0.0,0.05233595624294381,-0.9986295347545738,11.0,48.0,0.0,0.0
NHITS_RMU1,2026-05-11 11:51:00,0.122,17.8,10.7,11.3,11.1,11.1,11.1,13.266666666666666,34.170854271356795,11.1,0.0,0.03925981575906895,-0.9992290362407229,11.0,51.0,0.0,0.0
NHITS_RMU1,2026-05-11 11:54:00,0.128,12.7,14.2,13.9,11.1,11.1,11.1,13.6,6.617647058823532,11.1,0.0,0.02617694830787298,-0.9996573249755573,11.0,54.0,0.0,0.0
NHITS_RMU1,2026-05-11 11:57:00,0.054700000000000006,12.7,14.2,13.9,11.1,11.2,11.1,13.6,6.617647058823532,11.133333333333333,0.5988023952095788,0.01308959557134508,-0.999914327574007,11.0,57.0,0.0,0.0
NHITS_RMU1,2026-05-11 12:00:00,0.108,12.7,14.2,13.9,11.2,11.2,11.2,13.6,6.617647058823532,11.199999999999998,1.5860328923216526e-14,1.2246467991473532e-16,-1.0,12.0,0.0,0.0,0.0
NHITS_RMU1,2026-05-11 12:03:00,0.126,12.7,14.2,13.9,11.2,11.3,11.2,13.6,6.617647058823532,11.233333333333334,0.5934718100890186,-0.013089595571344391,-0.999914327574007,12.0,3.0,0.0,0.0
NHITS_RMU1,2026-05-11 12:06:00,0.09796666666666666,12.7,14.2,13.9,11.3,11.3,11.3,13.6,6.617647058823532,11.300000000000002,1.5719972030090708e-14,-0.026176948307872733,-0.9996573249755573,12.0,6.0,0.0,0.0
NHITS_RMU1,2026-05-11 12:09:00,0.06993333333333332,12.7,14.2,13.9,11.1,11.1,11.1,13.6,6.617647058823532,11.1,0.0,-0.03925981575906826,-0.9992290362407229,12.0,9.0,0.0,0.0
NHITS_RMU1,2026-05-11 12:12:00,0.0419,12.7,14.2,13.9,11.1,11.2,11.1,13.6,6.617647058823532,11.133333333333333,0.5988023952095788,-0.052335956242943564,-0.9986295347545738,12.0,12.0,0.0,0.0
NHITS_RMU1,2026-05-11 12:15:00,0.069175,9.34,11.5,13.833333333333334,11.1,11.2,11.1,11.557777777777778,19.688521438184967,11.133333333333333,0.5988023952095788,-0.06540312923014287,-0.9978589232386035,12.0,15.0,0.0,0.0
NHITS_RMU1,2026-05-11 12:18:00,0.09645000000000001,10.82,12.75,13.766666666666666,11.1,11.2,11.1,12.445555555555556,13.061333809481297,11.133333333333333,0.5988023952095788,-0.07845909572784526,-0.996917333733128,12.0,18.0,0.0,0.0
NHITS_RMU1,2026-05-11 12:21:00,0.123725,12.3,14.0,13.7,11.1,11.1,11.1,13.333333333333334,7.749999999999998,11.1,0.0,-0.0915016186634019,-0.9958049275746618,12.0,21.0,0.0,0.0
NHITS_RMU1,2026-05-11 12:24:00,0.151,12.3,14.0,13.7,11.1,11.2,11.1,13.333333333333334,7.749999999999998,11.133333333333333,0.5988023952095788,-0.1045284632676535,-0.9945218953682733,12.0,24.0,0.0,0.0
NHITS_RMU1,2026-05-11 12:27:00,0.0254,9.23,10.8,13.75,11.2,11.2,11.2,11.26,22.113676731793962,11.199999999999998,1.5860328923216526e-14,-0.1175373974578373,-0.9930684569549263,12.0,27.0,0.0,0.0
NHITS_RMU1,2026-05-11 12:30:00,0.11,11.6,13.1,13.8,11.2,11.2,11.2,12.833333333333334,9.610389610389618,11.199999999999998,1.5860328923216526e-14,-0.13052619222005177,-0.9914448613738104,12.0,30.0,0.0,0.0
NHITS_RMU1,2026-05-11 12:33:00,0.313,11.6,13.1,13.8,11.2,11.2,11.2,12.833333333333334,9.610389610389618,11.199999999999998,1.5860328923216526e-14,-0.14349262199117954,-0.9896513868196701,12.0,33.0,0.0,0.0
NHITS_RMU1,2026-05-11 12:36:00,0.516,12.7,13.6,14.166666666666668,11.2,11.3,11.2,13.488888888888889,5.8484349258649155,11.233333333333334,0.5934718100890186,-0.15643446504023073,-0.9876883405951378,12.0,36.0,0.0,0.0
NHITS_RMU1,2026-05-11 12:39:00,0.247,13.8,13.6,14.533333333333333,11.2,11.2,11.2,13.977777777777776,3.974562798092222,11.199999999999998,1.5860328923216526e-14,-0.16934950384902456,-0.9855560590580777,12.0,39.0,0.0,0.0
NHITS_RMU1,2026-05-11 12:42:00,0.174,14.9,14.6,14.9,11.2,11.2,11.2,14.799999999999999,1.3513513513513467,11.199999999999998,1.5860328923216526e-14,-0.18223552549214747,-0.9832549075639546,12.0,42.0,0.0,0.0
NHITS_RMU1,2026-05-11 12:45:00,0.218,14.9,14.6,14.9,11.2,11.2,11.2,14.799999999999999,1.3513513513513467,11.199999999999998,1.5860328923216526e-14,-0.19509032201612836,-0.9807852804032304,12.0,45.0,0.0,0.0
NHITS_RMU1,2026-05-11 12:48:00,0.231,14.9,14.6,14.9,11.2,11.2,11.2,14.799999999999999,1.3513513513513467,11.199999999999998,1.5860328923216526e-14,-0.20791169081775907,-0.9781476007338057,12.0,48.0,0.0,0.0
NHITS_RMU1,2026-05-11 12:51:00,0.578,14.9,14.6,14.9,11.2,11.2,11.2,14.799999999999999,1.3513513513513467,11.199999999999998,1.5860328923216526e-14,-0.22069743502150088,-0.9753423205085128,12.0,51.0,0.0,0.0
NHITS_RMU1,2026-05-11 12:54:00,0.09540000000000001,17.3,17.1,18.6,10.9,11.0,10.9,17.666666666666668,5.283018867924529,10.933333333333332,0.6097560975609898,-0.23344536385590528,-0.9723699203976767,12.0,54.0,0.0,0.0
NHITS_RMU1,2026-05-11 12:57:00,0.161,16.5,17.2,18.4,11.0,11.0,11.0,17.366666666666667,5.9500959692898165,11.0,0.0,-0.24615329302899255,-0.9692309097067545,12.0,57.0,0.0,0.0
NHITS_RMU1,2026-05-11 13:00:00,0.108,16.5,17.2,18.4,11.1,11.1,11.1,17.366666666666667,5.9500959692898165,11.1,0.0,-0.25881904510252035,-0.9659258262890684,13.0,0.0,0.0,0.0
NHITS_RMU1,2026-05-11 13:03:00,0.268,14.2,15.0,16.6,11.1,11.1,11.1,15.266666666666666,8.733624454148488,11.1,0.0,-0.2714404498650743,-0.9624552364536473,13.0,3.0,0.0,0.0
NHITS_RMU1,2026-05-11 13:06:00,0.167,14.2,15.0,16.6,11.1,11.1,11.1,15.266666666666666,8.733624454148488,11.1,0.0,-0.28401534470392237,-0.9588197348681932,13.0,6.0,0.0,0.0
NHITS_RMU1,2026-05-11 13:09:00,0.251,10.7,12.4,12.0,11.0,11.1,11.0,11.700000000000001,8.547008547008561,11.033333333333333,0.6042296072507531,-0.29654157497557115,-0.9550199444571865,13.0,9.0,0.0,0.0
NHITS_RMU1,2026-05-11 13:12:00,0.154,10.7,14.266666666666667,12.0,11.1,11.1,11.1,12.322222222222223,15.779981965734896,11.1,0.0,-0.3090169943749469,-0.9510565162951538,13.0,12.0,0.0,0.0
NHITS_RMU1,2026-05-11 13:15:00,0.0925,21.9,16.133333333333333,12.0,11.0,11.1,11.0,16.677777777777777,31.312458361092602,11.033333333333333,0.6042296072507531,-0.32143946530316153,-0.9469301294951057,13.0,15.0,0.0,0.0
NHITS_RMU1,2026-05-11 13:18:00,0.134,17.2,18.0,19.2,11.1,11.1,11.1,18.133333333333336,5.882352941176449,11.1,0.0,-0.33380685923377096,-0.9426414910921784,13.0,18.0,0.0,0.0
NHITS_RMU1,2026-05-11 13:21:00,0.212,18.4,18.8,20.1,11.0,11.0,11.0,19.1,5.2356020942408374,11.0,0.0,-0.3461170570774931,-0.9381913359224842,13.0,21.0,0.0,0.0
NHITS_RMU1,2026-05-11 13:24:00,0.08170000000000001,16.4,17.9,17.7,11.0,11.0,11.0,17.333333333333332,5.384615384615386,11.0,0.0,-0.35836794954530043,-0.9335804264972017,13.0,24.0,0.0,0.0
NHITS_RMU1,2026-05-11 13:27:00,0.123,16.4,17.9,17.7,11.0,11.0,11.0,17.333333333333332,5.384615384615386,11.0,0.0,-0.37055743750983605,-0.9288095528719243,13.0,27.0,0.0,0.0
NHITS_RMU1,2026-05-11 13:30:00,0.08080000000000001,16.4,15.2,15.0,11.0,11.1,11.0,15.533333333333331,5.579399141630905,11.033333333333333,0.6042296072507531,-0.38268343236508967,-0.9238795325112868,13.0,30.0,0.0,0.0
NHITS_RMU1,2026-05-11 13:33:00,0.0386,16.4,15.2,15.0,11.1,11.1,11.1,15.533333333333331,5.579399141630905,11.1,0.0,-0.3947438563842672,-0.9187912101488983,13.0,33.0,0.0,0.0
NHITS_RMU1,2026-05-11 13:36:00,0.76,12.6,14.0,14.3,11.0,11.0,11.0,13.633333333333335,7.579462102689498,11.0,0.0,-0.4067366430757998,-0.9135454576426011,13.0,36.0,0.0,0.0
NHITS_RMU1,2026-05-11 13:39:00,0.989,13.5,14.65,14.9,10.9,10.9,10.9,14.35,5.92334494773519,10.9,0.0,-0.41865973753742775,-0.9081431738250815,13.0,39.0,0.0,0.0
NHITS_RMU1,2026-05-11 13:42:00,0.0507,14.4,15.3,15.5,10.9,10.9,10.9,15.066666666666668,4.424778761061955,10.9,0.0,-0.43051109680829486,-0.9025852843498607,13.0,42.0,0.0,0.0
NHITS_RMU1,2026-05-11 13:45:00,0.139,11.3,12.5,12.1,10.9,10.9,10.9,11.966666666666667,5.571030640668518,10.9,0.0,-0.4422886902190011,-0.8968727415326884,13.0,45.0,0.0,0.0
NHITS_RMU1,2026-05-11 13:48:00,0.419,11.3,12.5,12.1,10.9,10.9,10.9,11.966666666666667,5.571030640668518,10.9,0.0,-0.4539904997395471,-0.8910065241883677,13.0,48.0,0.0,0.0
NHITS_RMU1,2026-05-11 13:51:00,0.279,15.7,17.0,17.2,10.8,10.9,10.8,16.633333333333336,5.611222444889801,10.833333333333334,0.6153846153846132,-0.46561452032511097,-0.8849876374630421,13.0,51.0,0.0,0.0
NHITS_RMU1,2026-05-11 13:54:00,1.2,15.7,17.0,17.2,10.9,10.9,10.9,16.633333333333336,5.611222444889801,10.9,0.0,-0.4771587602596084,-0.8788171126619654,13.0,54.0,0.0,0.0
NHITS_RMU1,2026-05-11 13:57:00,1.16,15.7,17.0,17.2,10.8,10.9,10.8,16.633333333333336,5.611222444889801,10.833333333333334,0.6153846153846132,-0.48862124149695463,-0.8724960070727973,13.0,57.0,0.0,0.0
NHITS_RMU1,2026-05-11 14:00:00,1.11,17.225,38.949999999999996,18.95,10.8,10.9,10.8,25.041666666666668,55.54076539101495,10.833333333333334,0.6153846153846132,-0.5000000000000001,-0.8660254037844386,14.0,0.0,0.0,0.0
NHITS_RMU1,2026-05-11 14:03:00,1.03,18.75,60.9,20.7,10.8,10.8,10.8,33.45,82.06278026905828,10.800000000000002,1.644774851296528e-14,-0.5112930860770523,-0.8594064115014526,14.0,3.0,0.0,0.0
NHITS_RMU1,2026-05-11 14:06:00,0.17,20.275,60.9,22.45,10.8,10.8,10.8,34.541666666666664,76.30880579010858,10.800000000000002,1.644774851296528e-14,-0.5224985647159487,-0.8526401643540923,14.0,6.0,0.0,0.0
NHITS_RMU1,2026-05-11 14:09:00,0.0948,21.8,22.8,24.2,10.8,10.8,10.8,22.933333333333334,5.523255813953484,10.800000000000002,1.644774851296528e-14,-0.5336145159156115,-0.8457278217039733,14.0,9.0,0.0,0.0
NHITS_RMU1,2026-05-11 14:12:00,1.21,45.8,46.4,47.9,10.7,10.7,10.7,46.699999999999996,2.5695931477516125,10.699999999999998,1.660146578878739e-14,-0.5446390350150271,-0.838670567945424,14.0,12.0,0.0,0.0
NHITS_RMU1,2026-05-11 14:15:00,0.488,18.4,19.5,19.4,10.8,10.8,10.8,19.099999999999998,3.664921465968583,10.800000000000002,1.644774851296528e-14,-0.555570233019602,-0.8314696123025455,14.0,15.0,0.0,0.0
NHITS_RMU1,2026-05-11 14:18:00,0.403,18.4,19.5,19.4,10.8,10.8,10.8,19.099999999999998,3.664921465968583,10.800000000000002,1.644774851296528e-14,-0.5664062369248326,-0.8241261886220158,14.0,18.0,0.0,0.0
NHITS_RMU1,2026-05-11 14:21:00,0.0862,36.7,36.8,37.6,10.8,10.8,10.8,37.03333333333333,1.5301530153015392,10.800000000000002,1.644774851296528e-14,-0.5771451900372334,-0.816641555161679,14.0,21.0,0.0,0.0
NHITS_RMU1,2026-05-11 14:24:00,0.814,36.7,36.8,37.6,10.8,10.8,10.8,37.03333333333333,1.5301530153015392,10.800000000000002,1.644774851296528e-14,-0.587785252292473,-0.8090169943749476,14.0,24.0,0.0,0.0
NHITS_RMU1,2026-05-11 14:27:00,0.133,36.7,36.8,37.6,10.8,10.8,10.8,37.03333333333333,1.5301530153015392,10.800000000000002,1.644774851296528e-14,-0.5983246005706586,-0.801253812691061,14.0,27.0,0.0,0.0
NHITS_RMU1,2026-05-11 14:30:00,0.83,30.2,30.8,32.2,10.7,10.7,10.7,31.066666666666666,3.6480686695279068,10.699999999999998,1.660146578878739e-14,-0.6087614290087203,-0.7933533402912354,14.0,30.0,0.0,0.0
NHITS_RMU1,2026-05-11 14:33:00,0.0724,31.0,31.3,32.9,10.7,10.8,10.7,31.73333333333333,3.676470588235298,10.733333333333334,0.621118012422358,-0.6190939493098341,-0.7853169308807448,14.0,33.0,0.0,0.0
NHITS_RMU1,2026-05-11 14:36:00,0.0346,11.6,13.3,12.3,10.7,10.7,10.7,12.4,7.258064516129035,10.699999999999998,1.660146578878739e-14,-0.6293203910498372,-0.777145961456971,14.0,36.0,0.0,0.0
NHITS_RMU1,2026-05-11 14:39:00,0.028300000000000002,11.6,13.3,12.3,11.0,11.0,11.0,12.4,7.258064516129035,11.0,0.0,-0.6394390019805849,-0.7688418320734594,14.0,39.0,0.0,0.0
NHITS_RMU1,2026-05-11 14:42:00,0.038299999999999994,13.0,13.3,12.3,11.0,11.0,11.0,12.866666666666667,4.404145077720205,11.0,0.0,-0.6494480483301832,-0.7604059656000314,14.0,42.0,0.0,0.0
NHITS_RMU1,2026-05-11 14:45:00,0.765,39.9,13.3,41.4,11.1,11.1,11.1,31.53333333333333,57.82241014799154,11.1,0.0,-0.6593458151000688,-0.7518398074789775,14.0,45.0,0.0,0.0
NHITS_RMU1,2026-05-11 14:48:00,0.751,39.9,13.3,41.4,11.1,11.1,11.1,31.53333333333333,57.82241014799154,11.1,0.0,-0.6691306063588582,-0.7431448254773942,14.0,48.0,0.0,0.0
NHITS_RMU1,2026-05-11 14:51:00,0.283,39.9,13.3,41.4,11.1,11.1,11.1,31.53333333333333,57.82241014799154,11.1,0.0,-0.6788007455329418,-0.7343225094356854,14.0,51.0,0.0,0.0
NHITS_RMU1,2026-05-11 14:54:00,0.16049999999999998,10.8,13.3,12.3,11.1,11.1,11.1,12.133333333333335,10.989010989010993,11.1,0.0,-0.6883545756937541,-0.7253743710122875,14.0,54.0,0.0,0.0
NHITS_RMU1,2026-05-11 14:57:00,0.038,10.8,13.3,12.3,11.1,11.1,11.1,12.133333333333335,10.989010989010993,11.1,0.0,-0.69779045984168,-0.7163019434246544,14.0,57.0,0.0,0.0
NHITS_RMU1,2026-05-11 15:00:00,0.0725,10.8,13.3,12.3,11.1,11.1,11.1,12.133333333333335,10.989010989010993,11.1,0.0,-0.7071067811865475,-0.7071067811865477,15.0,0.0,0.0,0.0
NHITS_RMU1,2026-05-11 15:03:00,0.117,12.2,12.6,13.8,11.1,11.1,11.1,12.866666666666665,7.253886010362711,11.1,0.0,-0.7163019434246541,-0.6977904598416802,15.0,3.0,0.0,0.0
NHITS_RMU1,2026-05-11 15:06:00,0.261,32.1,31.9,33.2,11.2,11.2,11.1,32.4,2.469135802469149,11.166666666666666,0.5970149253731323,-0.7253743710122873,-0.6883545756937544,15.0,6.0,0.0,0.0
NHITS_RMU1,2026-05-11 15:09:00,0.676,38.9,38.0,39.9,11.1,11.1,11.1,38.93333333333334,2.4828767123287534,11.1,0.0,-0.7343225094356853,-0.678800745532942,15.0,9.0,0.0,0.0
NHITS_RMU1,2026-05-11 15:12:00,0.5680000000000001,52.6,52.3,53.3,11.1,11.1,11.1,52.73333333333333,1.0745891276864792,11.1,0.0,-0.743144825477394,-0.6691306063588585,15.0,12.0,0.0,0.0
NHITS_RMU1,2026-05-11 15:15:00,0.46,40.0,39.8,41.9,11.2,11.2,11.2,40.56666666666666,3.286770747740351,11.199999999999998,1.5860328923216526e-14,-0.7518398074789773,-0.6593458151000691,15.0,15.0,0.0,0.0
NHITS_RMU1,2026-05-11 15:18:00,0.465,41.4,40.6,43.0,11.2,11.3,11.2,41.666666666666664,3.200000000000006,11.233333333333334,0.5934718100890186,-0.7604059656000312,-0.6494480483301834,15.0,18.0,0.0,0.0
NHITS_RMU1,2026-05-11 15:21:00,0.404,27.5,26.8,28.1,11.2,11.2,11.2,27.46666666666667,2.4271844660194217,11.199999999999998,1.5860328923216526e-14,-0.7688418320734591,-0.6394390019805851,15.0,21.0,0.0,0.0
NHITS_RMU1,2026-05-11 15:24:00,0.445,22.3,23.3,23.8,11.1,11.1,11.1,23.133333333333336,3.6023054755043327,11.1,0.0,-0.7771459614569711,-0.6293203910498372,15.0,24.0,0.0,0.0
NHITS_RMU1,2026-05-11 15:27:00,0.358,22.3,23.3,23.8,11.1,11.2,11.1,23.133333333333336,3.6023054755043327,11.133333333333333,0.5988023952095788,-0.7853169308807447,-0.6190939493098343,15.0,27.0,0.0,0.0
NHITS_RMU1,2026-05-11 15:30:00,0.442,41.3,40.2,42.5,11.1,11.1,11.1,41.333333333333336,2.8225806451612843,11.1,0.0,-0.7933533402912349,-0.6087614290087209,15.0,30.0,0.0,0.0
NHITS_RMU1,2026-05-11 15:33:00,0.592,41.3,40.2,42.5,11.0,11.0,11.0,41.333333333333336,2.8225806451612843,11.0,0.0,-0.8012538126910606,-0.5983246005706593,15.0,33.0,0.0,0.0
NHITS_RMU1,2026-05-11 15:36:00,0.409,33.1,40.2,42.5,11.0,11.0,11.0,38.6,14.248704663212434,11.0,0.0,-0.8090169943749473,-0.5877852522924732,15.0,36.0,0.0,0.0
NHITS_RMU1,2026-05-11 15:39:00,0.425,33.1,40.2,42.5,11.0,11.0,11.0,38.6,14.248704663212434,11.0,0.0,-0.8166415551616789,-0.5771451900372337,15.0,39.0,0.0,0.0
NHITS_RMU1,2026-05-11 15:42:00,0.437,33.1,40.2,42.5,10.9,11.0,10.9,38.6,14.248704663212434,10.933333333333332,0.6097560975609898,-0.8241261886220157,-0.5664062369248328,15.0,42.0,0.0,0.0
NHITS_RMU1,2026-05-11 15:45:00,0.461,33.1,40.2,42.5,10.9,10.9,10.9,38.6,14.248704663212434,10.9,0.0,-0.8314696123025452,-0.5555702330196022,15.0,45.0,0.0,0.0
NHITS_RMU1,2026-05-11 15:48:00,0.509,27.8,27.3,28.7,10.9,10.9,10.9,27.933333333333334,2.7446300715990417,10.9,0.0,-0.838670567945424,-0.544639035015027,15.0,48.0,0.0,0.0
NHITS_RMU1,2026-05-11 15:51:00,0.477,27.8,27.3,28.7,10.9,10.9,10.9,27.933333333333334,2.7446300715990417,10.9,0.0,-0.8457278217039729,-0.5336145159156122,15.0,51.0,0.0,0.0
NHITS_RMU1,2026-05-11 15:54:00,0.399,37.9,36.7,37.1,10.9,10.9,10.9,37.23333333333333,1.7905102954342118,10.9,0.0,-0.852640164354092,-0.5224985647159494,15.0,54.0,0.0,0.0
NHITS_RMU1,2026-05-11 15:57:00,0.642,66.5,51.45,67.0,10.8,10.9,10.8,61.65,16.545012165450114,10.833333333333334,0.6153846153846132,-0.8594064115014524,-0.5112930860770526,15.0,57.0,0.0,0.0
NHITS_RMU1,2026-05-11 16:00:00,0.747,50.3,66.2,67.0,10.8,10.9,10.8,61.166666666666664,17.765667574931882,10.833333333333334,0.6153846153846132,-0.8660254037844384,-0.5000000000000004,16.0,0.0,0.0,0.0
NHITS_RMU1,2026-05-11 16:03:00,0.828,50.3,50.8,50.6,11.0,11.0,11.0,50.56666666666666,0.5273566249175987,11.0,0.0,-0.8724960070727974,-0.4886212414969545,16.0,3.0,0.0,0.0
NHITS_RMU1,2026-05-11 16:06:00,1.09,63.9,62.9,63.2,11.0,11.0,11.0,63.333333333333336,0.8947368421052572,11.0,0.0,-0.8788171126619656,-0.4771587602596079,16.0,6.0,0.0,0.0
NHITS_RMU1,2026-05-11 16:09:00,0.921,63.9,62.9,63.2,10.9,10.9,10.9,63.333333333333336,0.8947368421052572,10.9,0.0,-0.8849876374630418,-0.46561452032511164,16.0,9.0,0.0,0.0
NHITS_RMU1,2026-05-11 16:12:00,1.28,70.6,70.0,70.1,10.9,10.9,10.9,70.23333333333333,0.522069292833403,10.9,0.0,-0.8910065241883678,-0.4539904997395469,16.0,12.0,0.0,0.0
NHITS_RMU1,2026-05-11 16:15:00,1.22,59.8,61.3,60.4,11.1,11.1,11.1,60.5,1.3223140495867722,11.1,0.0,-0.8968727415326883,-0.44228869021900136,16.0,15.0,0.0,0.0
NHITS_RMU1,2026-05-11 16:18:00,1.33,59.8,61.3,60.4,11.1,11.1,11.0,60.5,1.3223140495867722,11.066666666666668,0.6024096385542307,-0.9025852843498606,-0.43051109680829514,16.0,18.0,0.0,0.0
NHITS_RMU1,2026-05-11 16:21:00,1.04,67.5,68.0,68.5,11.1,11.1,11.0,68.0,0.7352941176470589,11.066666666666668,0.6024096385542307,-0.9081431738250814,-0.418659737537428,16.0,21.0,0.0,0.0
NHITS_RMU1,2026-05-11 16:24:00,1.0,60.2,61.1,61.0,10.9,11.0,10.9,60.76666666666667,0.9325287986834941,10.933333333333332,0.6097560975609898,-0.9135454576426005,-0.4067366430758009,16.0,24.0,0.0,0.0
NHITS_RMU1,2026-05-11 16:27:00,0.843,60.2,61.1,61.0,11.1,11.1,11.1,60.76666666666667,0.9325287986834941,11.1,0.0,-0.9187912101488984,-0.39474385638426707,16.0,27.0,0.0,0.0
NHITS_RMU1,2026-05-11 16:30:00,0.852,77.3,75.9,76.2,11.0,11.0,11.0,76.46666666666665,1.0897994768962636,11.0,0.0,-0.9238795325112865,-0.38268343236509034,16.0,30.0,0.0,0.0
NHITS_RMU1,2026-05-11 16:33:00,1.21,77.3,75.9,76.2,11.1,11.1,11.1,76.46666666666665,1.0897994768962636,11.1,0.0,-0.928809552871924,-0.3705574375098367,16.0,33.0,0.0,0.0
NHITS_RMU1,2026-05-11 16:36:00,1.03,52.1,52.3,53.2,11.0,11.0,11.0,52.53333333333334,1.2690355329949192,11.0,0.0,-0.9335804264972019,-0.3583679495452999,16.0,36.0,0.0,0.0
NHITS_RMU1,2026-05-11 16:39:00,1.11,52.1,52.3,53.2,11.0,11.0,11.0,52.53333333333334,1.2690355329949192,11.0,0.0,-0.938191335922484,-0.34611705707749335,16.0,39.0,0.0,0.0
NHITS_RMU1,2026-05-11 16:42:00,1.13,57.2,57.2,58.2,11.0,11.0,11.0,57.53333333333334,1.1587485515643063,11.0,0.0,-0.9426414910921783,-0.33380685923377124,16.0,42.0,0.0,0.0
NHITS_RMU1,2026-05-11 16:45:00,1.15,56.5,56.8,57.7,11.0,11.0,11.0,57.0,1.2280701754386014,11.0,0.0,-0.9469301294951056,-0.3214394653031618,16.0,45.0,0.0,0.0
NHITS_RMU1,2026-05-11 16:48:00,1.08,56.5,56.8,57.7,11.0,11.0,11.0,57.0,1.2280701754386014,11.0,0.0,-0.9510565162951535,-0.30901699437494756,16.0,48.0,0.0,0.0
NHITS_RMU1,2026-05-11 16:51:00,1.12,64.4,64.1,65.3,11.0,11.0,11.0,64.60000000000001,1.0835913312693322,11.0,0.0,-0.9550199444571866,-0.29654157497557104,16.0,51.0,0.0,0.0
NHITS_RMU1,2026-05-11 16:54:00,1.2,64.4,64.1,65.3,11.0,11.0,11.0,64.60000000000001,1.0835913312693322,11.0,0.0,-0.9588197348681928,-0.2840153447039235,16.0,54.0,0.0,0.0
NHITS_RMU1,2026-05-11 16:57:00,1.45,64.4,64.5,65.6,11.0,11.0,11.0,64.83333333333333,1.182519280205654,11.0,0.0,-0.9624552364536471,-0.27144044986507504,16.0,57.0,0.0,0.0
NHITS_RMU1,2026-05-11 17:00:00,1.14,69.4,69.5,70.6,11.1,11.1,11.1,69.83333333333333,1.097852028639617,11.1,0.0,-0.9659258262890683,-0.25881904510252063,17.0,0.0,0.0,0.0
NHITS_RMU1,2026-05-11 17:03:00,1.11,69.4,69.5,70.6,11.2,11.2,11.1,69.83333333333333,1.097852028639617,11.166666666666666,0.5970149253731323,-0.9692309097067544,-0.24615329302899286,17.0,3.0,0.0,0.0
NHITS_RMU1,2026-05-11 17:06:00,1.16,81.0,80.2,81.5,11.1,11.1,11.1,80.89999999999999,0.865265760197761,11.1,0.0,-0.9723699203976767,-0.23344536385590514,17.0,6.0,0.0,0.0
NHITS_RMU1,2026-05-11 17:09:00,1.2,81.0,80.2,81.5,11.0,11.0,11.0,80.89999999999999,0.865265760197761,11.0,0.0,-0.9753423205085126,-0.22069743502150163,17.0,9.0,0.0,0.0
NHITS_RMU1,2026-05-11 17:12:00,1.2,65.2,65.3,67.0,11.0,11.0,11.0,65.83333333333333,1.7721518987341844,11.0,0.0,-0.9781476007338056,-0.2079116908177598,17.0,12.0,0.0,0.0
NHITS_RMU1,2026-05-11 17:15:00,1.2,60.5,74.4,76.5,11.0,11.0,11.0,70.46666666666667,14.143803216650902,11.0,0.0,-0.9807852804032303,-0.19509032201612866,17.0,15.0,0.0,0.0
NHITS_RMU1,2026-05-11 17:18:00,0.0,12.0,12.0,12.0,11.0,11.0,11.0,12.0,0.0,11.0,0.0,-0.9832549075639545,-0.18223552549214778,17.0,18.0,0.0,0.0
NHITS_RMU1,2026-05-11 17:21:00,0.0,12.0,12.0,12.0,11.0,11.0,11.0,12.0,0.0,11.0,0.0,-0.9855560590580779,-0.16934950384902397,17.0,21.0,0.0,0.0
NHITS_RMU1,2026-05-11 17:24:00,0.0,12.0,12.0,12.0,11.0,11.0,11.0,12.0,0.0,11.0,0.0,-0.9876883405951377,-0.15643446504023104,17.0,24.0,0.0,0.0
NHITS_RMU1,2026-05-11 17:27:00,0.439,12.0,12.0,12.0,11.0,11.0,11.0,12.0,0.0,11.0,0.0,-0.9896513868196702,-0.1434926219911794,17.0,27.0,0.0,0.0
NHITS_RMU1,2026-05-11 17:30:00,0.55,30.2,30.3,30.3,10.9,11.0,10.9,30.266666666666666,0.22026431718061595,10.933333333333332,0.6097560975609898,-0.9914448613738104,-0.13052619222005163,17.0,30.0,0.0,0.0
NHITS_RMU1,2026-05-11 17:33:00,0.544,30.2,30.3,30.3,10.9,10.9,10.9,30.266666666666666,0.22026431718061595,10.9,0.0,-0.9930684569549263,-0.1175373974578376,17.0,33.0,0.0,0.0
NHITS_RMU1,2026-05-11 17:36:00,0.561,30.2,30.3,30.1,10.9,10.9,10.9,30.2,0.3311258278145742,10.9,0.0,-0.9945218953682734,-0.10452846326765336,17.0,36.0,0.0,0.0
NHITS_RMU1,2026-05-11 17:39:00,0.531,30.2,30.3,30.1,10.8,10.8,10.8,30.2,0.3311258278145742,10.800000000000002,1.644774851296528e-14,-0.9958049275746617,-0.09150161866340308,17.0,39.0,0.0,0.0
NHITS_RMU1,2026-05-11 17:42:00,0.497,29.4,29.6,29.1,10.8,10.8,10.7,29.366666666666664,0.9080590238365341,10.766666666666666,0.6191950464396263,-0.996917333733128,-0.07845909572784557,17.0,42.0,0.0,0.0
NHITS_RMU1,2026-05-11 17:45:00,0.52,27.7,27.3,26.9,10.8,10.8,10.8,27.3,1.4652014652014729,10.800000000000002,1.644774851296528e-14,-0.9978589232386035,-0.06540312923014273,17.0,45.0,0.0,0.0
NHITS_RMU1,2026-05-11 17:48:00,0.926,27.7,27.3,26.9,10.8,10.8,10.8,27.3,1.4652014652014729,10.800000000000002,1.644774851296528e-14,-0.9986295347545739,-0.052335956242943425,17.0,48.0,0.0,0.0
NHITS_RMU1,2026-05-11 17:51:00,0.941,44.0,44.4,42.9,10.8,10.8,10.8,43.76666666666667,1.9801980198019973,10.800000000000002,1.644774851296528e-14,-0.9992290362407229,-0.03925981575906901,17.0,51.0,0.0,0.0
NHITS_RMU1,2026-05-11 17:54:00,1.03,44.0,44.4,52.2,10.7,10.7,10.7,46.866666666666674,11.379800853485051,10.699999999999998,1.660146578878739e-14,-0.9996573249755573,-0.02617694830787437,17.0,54.0,0.0,0.0
NHITS_RMU1,2026-05-11 17:57:00,1.17,57.7,58.4,57.5,10.8,10.8,10.8,57.86666666666667,0.9216589861751119,10.800000000000002,1.644774851296528e-14,-0.999914327574007,-0.013089595571344698,17.0,57.0,0.0,0.0
NHITS_RMU1,2026-05-11 18:00:00,1.29,77.7,78.5,79.3,11.1,11.1,11.1,78.5,1.0191082802547735,11.1,0.0,-1.0,-1.8369701987210297e-16,18.0,0.0,0.0,0.0
NHITS_RMU1,2026-05-11 18:03:00,1.275,77.7,78.5,79.3,11.2,11.2,11.2,78.5,1.0191082802547735,11.199999999999998,1.5860328923216526e-14,-0.999914327574007,0.01308959557134433,18.0,3.0,0.0,0.0
NHITS_RMU1,2026-05-11 18:06:00,1.26,84.2,83.7,84.5,11.2,11.2,11.2,84.13333333333334,0.5150554675118904,11.199999999999998,1.5860328923216526e-14,-0.9996573249755573,0.026176948307874003,18.0,6.0,0.0,0.0
NHITS_RMU1,2026-05-11 18:09:00,1.32,84.2,83.7,84.5,11.1,11.1,11.1,84.13333333333334,0.5150554675118904,11.1,0.0,-0.9992290362407229,0.039259815759068645,18.0,9.0,0.0,0.0
NHITS_RMU1,2026-05-11 18:12:00,1.26,82.6,81.7,83.3,11.1,11.1,11.1,82.53333333333335,1.0096930533118045,11.1,0.0,-0.9986295347545739,0.05233595624294306,18.0,12.0,0.0,0.0
NHITS_RMU1,2026-05-11 18:15:00,1.37,82.6,81.7,83.3,11.1,11.1,11.1,82.53333333333335,1.0096930533118045,11.1,0.0,-0.9978589232386036,0.06540312923014237,18.0,15.0,0.0,0.0
NHITS_RMU1,2026-05-11 18:18:00,1.37,69.6,67.6,69.7,11.0,11.0,11.0,68.96666666666665,1.9816336394393335,11.0,0.0,-0.996917333733128,0.07845909572784521,18.0,18.0,0.0,0.0
NHITS_RMU1,2026-05-11 18:21:00,1.45,71.3,70.0,71.2,11.1,11.1,11.0,70.83333333333333,1.1764705882352875,11.066666666666668,0.6024096385542307,-0.9958049275746617,0.09150161866340271,18.0,21.0,0.0,0.0
NHITS_RMU1,2026-05-11 18:24:00,1.35,71.3,70.0,71.2,10.9,11.0,10.9,70.83333333333333,1.1764705882352875,10.933333333333332,0.6097560975609898,-0.9945218953682734,0.10452846326765299,18.0,24.0,0.0,0.0
NHITS_RMU1,2026-05-11 18:27:00,1.5,82.3,81.9,82.5,10.9,11.0,10.9,82.23333333333333,0.4053506282934681,10.933333333333332,0.6097560975609898,-0.9930684569549263,0.11753739745783724,18.0,27.0,0.0,0.0
NHITS_RMU1,2026-05-11 18:30:00,1.625,82.3,81.9,82.5,11.0,11.0,11.0,82.23333333333333,0.4053506282934681,11.0,0.0,-0.9914448613738105,0.13052619222005127,18.0,30.0,0.0,0.0
NHITS_RMU1,2026-05-11 18:33:00,1.75,77.2,76.9,78.4,11.0,11.0,11.0,77.50000000000001,1.161290322580634,11.0,0.0,-0.9896513868196702,0.14349262199117904,18.0,33.0,0.0,0.0
NHITS_RMU1,2026-05-11 18:36:00,1.6,81.1,81.4,82.2,11.0,11.0,11.0,81.56666666666666,0.7764609726195423,11.0,0.0,-0.9876883405951378,0.15643446504023067,18.0,36.0,0.0,0.0
NHITS_RMU1,2026-05-11 18:39:00,1.58,81.1,81.4,82.2,11.0,11.0,11.0,81.56666666666666,0.7764609726195423,11.0,0.0,-0.9855560590580779,0.1693495038490236,18.0,39.0,0.0,0.0
NHITS_RMU1,2026-05-11 18:42:00,1.55,83.3,83.4,84.4,11.0,11.0,11.0,83.7,0.8363201911589042,11.0,0.0,-0.9832549075639546,0.18223552549214742,18.0,42.0,0.0,0.0
NHITS_RMU1,2026-05-11 18:45:00,1.5750000000000002,80.8,80.9,83.1,10.9,10.9,10.9,81.6,1.8382352941176472,10.9,0.0,-0.9807852804032304,0.1950903220161283,18.0,45.0,0.0,0.0
NHITS_RMU1,2026-05-11 18:48:00,1.6,81.3,80.9,81.6,11.0,11.0,11.0,81.26666666666667,0.4511894995898196,11.0,0.0,-0.9781476007338056,0.20791169081775943,18.0,48.0,0.0,0.0
NHITS_RMU1,2026-05-11 18:51:00,1.6,96.5,81.53333333333333,82.39999999999999,11.0,10.9,10.9,86.81111111111112,11.16088570331498,10.933333333333332,0.6097560975609898,-0.9753423205085127,0.22069743502150127,18.0,51.0,0.0,0.0
NHITS_RMU1,2026-05-11 18:54:00,1.83,96.5,82.16666666666667,83.2,10.9,11.0,10.9,87.28888888888889,10.552443991853357,10.933333333333332,0.6097560975609898,-0.9723699203976768,0.23344536385590478,18.0,54.0,0.0,0.0
NHITS_RMU1,2026-05-11 18:57:00,1.57,83.4,82.8,84.0,10.9,10.9,10.9,83.39999999999999,0.719424460431665,10.9,0.0,-0.9692309097067545,0.2461532930289925,18.0,57.0,0.0,0.0
NHITS_RMU1,2026-05-11 19:00:00,1.45,83.4,82.8,84.0,10.9,11.0,10.9,83.39999999999999,0.719424460431665,10.933333333333332,0.6097560975609898,-0.9659258262890684,0.2588190451025203,19.0,0.0,0.0,0.0
NHITS_RMU1,2026-05-11 19:03:00,1.54,77.7,77.5,79.1,11.0,11.0,11.0,78.1,1.2804097311139566,11.0,0.0,-0.9624552364536472,0.2714404498650747,19.0,3.0,0.0,0.0
NHITS_RMU1,2026-05-11 19:06:00,1.55,80.5,80.2,81.7,11.0,11.0,11.0,80.8,1.1138613861386208,11.0,0.0,-0.9588197348681929,0.28401534470392314,19.0,6.0,0.0,0.0
NHITS_RMU1,2026-05-11 19:09:00,1.62,80.5,80.2,81.7,10.9,11.0,10.9,80.8,1.1138613861386208,10.933333333333332,0.6097560975609898,-0.9550199444571867,0.2965415749755707,19.0,9.0,0.0,0.0
NHITS_RMU1,2026-05-11 19:12:00,1.53,83.0,82.4,84.7,10.9,10.9,10.9,83.36666666666667,1.5993602558976352,10.9,0.0,-0.9510565162951536,0.30901699437494723,19.0,12.0,0.0,0.0
NHITS_RMU1,2026-05-11 19:15:00,1.94,83.0,82.4,84.7,10.9,10.9,10.9,83.36666666666667,1.5993602558976352,10.9,0.0,-0.9469301294951057,0.3214394653031615,19.0,15.0,0.0,0.0
NHITS_RMU1,2026-05-11 19:18:00,1.62,106.0,84.3,86.1,10.8,10.9,10.9,92.13333333333333,15.050651230101312,10.866666666666667,0.6134969325153352,-0.9426414910921784,0.3338068592337709,19.0,18.0,0.0,0.0
NHITS_RMU1,2026-05-11 19:21:00,1.41,101.0,101.0,103.0,10.8,10.8,10.8,101.66666666666667,1.3114754098360608,10.800000000000002,1.644774851296528e-14,-0.9381913359224842,0.346117057077493,19.0,21.0,0.0,0.0
NHITS_RMU1,2026-05-11 19:24:00,1.54,100.05,99.55,102.0,10.8,10.8,10.8,100.53333333333335,1.4588859416445499,10.800000000000002,1.644774851296528e-14,-0.9335804264972021,0.35836794954529955,19.0,24.0,0.0,0.0
NHITS_RMU1,2026-05-11 19:27:00,1.51,99.1,98.1,101.0,10.8,10.8,10.8,99.39999999999999,1.6096579476861255,10.800000000000002,1.644774851296528e-14,-0.9288095528719241,0.3705574375098364,19.0,27.0,0.0,0.0
NHITS_RMU1,2026-05-11 19:30:00,1.43,99.1,98.1,101.0,10.8,10.8,10.8,99.39999999999999,1.6096579476861255,10.800000000000002,1.644774851296528e-14,-0.9238795325112866,0.38268343236509,19.0,30.0,0.0,0.0
NHITS_RMU1,2026-05-11 19:33:00,1.77,81.3,81.0,83.4,10.9,10.9,10.9,81.9,1.8315018315018314,10.9,0.0,-0.9187912101488985,0.39474385638426673,19.0,33.0,0.0,0.0
NHITS_RMU1,2026-05-11 19:36:00,1.67,86.4,86.7,88.7,10.8,10.8,10.8,87.26666666666667,1.642475171886941,10.800000000000002,1.644774851296528e-14,-0.9135454576426008,0.40673664307580054,19.0,36.0,0.0,0.0
NHITS_RMU1,2026-05-11 19:39:00,1.52,86.4,86.7,88.7,10.8,10.8,10.8,87.26666666666667,1.642475171886941,10.800000000000002,1.644774851296528e-14,-0.9081431738250815,0.4186597375374277,19.0,39.0,0.0,0.0
NHITS_RMU1,2026-05-11 19:42:00,1.57,79.6,79.5,81.8,10.8,10.9,10.8,80.3,1.8679950186799503,10.833333333333334,0.6153846153846132,-0.9025852843498607,0.4305110968082948,19.0,42.0,0.0,0.0
NHITS_RMU1,2026-05-11 19:45:00,1.55,79.6,79.5,81.8,10.9,10.9,10.8,80.3,1.8679950186799503,10.866666666666667,0.6134969325153352,-0.8968727415326885,0.442288690219001,19.0,45.0,0.0,0.0
NHITS_RMU1,2026-05-11 19:48:00,1.54,82.9,82.1,85.2,10.9,10.9,10.9,83.39999999999999,2.1582733812949777,10.9,0.0,-0.891006524188368,0.45399049973954664,19.0,48.0,0.0,0.0
NHITS_RMU1,2026-05-11 19:51:00,1.42,82.9,82.1,85.2,10.9,10.9,10.9,83.39999999999999,2.1582733812949777,10.9,0.0,-0.8849876374630419,0.4656145203251113,19.0,51.0,0.0,0.0
NHITS_RMU1,2026-05-11 19:54:00,1.42,81.0,80.1,82.6,11.0,11.0,10.9,81.23333333333333,1.6823963890028641,10.966666666666667,0.6079027355623079,-0.8788171126619658,0.4771587602596076,19.0,54.0,0.0,0.0
NHITS_RMU1,2026-05-11 19:57:00,1.45,94.0,92.8,95.4,11.0,11.0,11.0,94.06666666666668,1.4174344436569757,11.0,0.0,-0.8724960070727975,0.4886212414969542,19.0,57.0,0.0,0.0
NHITS_RMU1,2026-05-11 20:00:00,1.49,94.0,92.8,95.4,11.1,11.1,11.1,94.06666666666668,1.4174344436569757,11.1,0.0,-0.8660254037844386,0.5000000000000001,20.0,0.0,0.0,0.0
NHITS_RMU1,2026-05-11 20:03:00,1.49,77.0,76.4,77.2,11.1,11.1,11.1,76.86666666666667,0.6071118820468367,11.1,0.0,-0.8594064115014526,0.5112930860770523,20.0,3.0,0.0,0.0
NHITS_RMU1,2026-05-11 20:06:00,1.51,77.0,76.4,77.2,11.1,11.1,11.1,76.86666666666667,0.6071118820468367,11.1,0.0,-0.8526401643540921,0.522498564715949,20.0,6.0,0.0,0.0
NHITS_RMU1,2026-05-11 20:09:00,1.37,78.2,77.8,79.7,11.1,11.1,11.1,78.56666666666666,1.4425116673737888,11.1,0.0,-0.8457278217039735,0.533614515915611,20.0,9.0,0.0,0.0
NHITS_RMU1,2026-05-11 20:12:00,1.39,73.0,72.7,73.5,11.1,11.1,11.1,73.06666666666666,0.5930656934306622,11.1,0.0,-0.8386705679454243,0.5446390350150266,20.0,12.0,0.0,0.0
NHITS_RMU1,2026-05-11 20:15:00,1.41,73.0,72.7,73.5,11.1,11.1,11.1,73.06666666666666,0.5930656934306622,11.1,0.0,-0.8314696123025455,0.5555702330196018,20.0,15.0,0.0,0.0
NHITS_RMU1,2026-05-11 20:18:00,1.55,77.6,75.8,78.2,11.0,11.0,11.0,77.19999999999999,1.8134715025906627,11.0,0.0,-0.8241261886220158,0.5664062369248325,20.0,18.0,0.0,0.0
NHITS_RMU1,2026-05-11 20:21:00,1.61,77.6,75.8,78.2,11.0,11.0,11.0,77.19999999999999,1.8134715025906627,11.0,0.0,-0.8166415551616786,0.5771451900372342,20.0,21.0,0.0,0.0
NHITS_RMU1,2026-05-11 20:24:00,1.4,78.7,77.7,79.0,11.1,11.1,11.1,78.46666666666667,0.9770603228547141,11.1,0.0,-0.8090169943749476,0.5877852522924729,20.0,24.0,0.0,0.0
NHITS_RMU1,2026-05-11 20:27:00,1.3,70.0,68.8,70.0,11.1,11.1,11.1,69.60000000000001,1.149425287356338,11.1,0.0,-0.8012538126910608,0.598324600570659,20.0,27.0,0.0,0.0
NHITS_RMU1,2026-05-11 20:30:00,1.37,70.0,68.8,70.0,11.0,11.1,11.0,69.60000000000001,1.149425287356338,11.033333333333333,0.6042296072507531,-0.7933533402912352,0.6087614290087205,20.0,30.0,0.0,0.0
NHITS_RMU1,2026-05-11 20:33:00,1.37,70.0,68.8,70.0,11.0,11.0,11.0,69.60000000000001,1.149425287356338,11.0,0.0,-0.785316930880745,0.619093949309834,20.0,33.0,0.0,0.0
NHITS_RMU1,2026-05-11 20:36:00,1.33,70.0,68.8,70.0,11.0,11.1,11.0,69.60000000000001,1.149425287356338,11.033333333333333,0.6042296072507531,-0.7771459614569708,0.6293203910498375,20.0,36.0,0.0,0.0
NHITS_RMU1,2026-05-11 20:39:00,1.42,77.4,68.8,70.0,11.0,11.0,11.0,72.06666666666666,7.400555041628135,11.0,0.0,-0.76884183207346,0.6394390019805842,20.0,39.0,0.0,0.0
NHITS_RMU1,2026-05-11 20:42:00,1.37,90.4,68.8,70.0,10.9,10.9,10.9,76.39999999999999,18.32460732984295,10.9,0.0,-0.7604059656000314,0.6494480483301831,20.0,42.0,0.0,0.0
NHITS_RMU1,2026-05-11 20:45:00,1.3,90.4,89.3,90.0,11.0,11.0,11.0,89.89999999999999,0.6674082313681806,11.0,0.0,-0.7518398074789772,0.6593458151000691,20.0,45.0,0.0,0.0
NHITS_RMU1,2026-05-11 20:48:00,1.32,90.4,89.3,90.0,11.0,11.0,11.0,89.89999999999999,0.6674082313681806,11.0,0.0,-0.743144825477394,0.6691306063588585,20.0,48.0,0.0,0.0
NHITS_RMU1,2026-05-11 20:51:00,1.31,90.4,89.3,90.0,11.0,11.0,11.0,89.89999999999999,0.6674082313681806,11.0,0.0,-0.7343225094356858,0.6788007455329415,20.0,51.0,0.0,0.0
NHITS_RMU1,2026-05-11 20:54:00,1.31,90.4,89.3,90.0,11.0,11.0,11.0,89.89999999999999,0.6674082313681806,11.0,0.0,-0.7253743710122885,0.688354575693753,20.0,54.0,0.0,0.0
NHITS_RMU1,2026-05-11 20:57:00,1.29,90.4,89.3,90.0,11.0,11.0,11.0,89.89999999999999,0.6674082313681806,11.0,0.0,-0.7163019434246545,0.69779045984168,20.0,57.0,0.0,0.0
NHITS_RMU1,2026-05-11 21:00:00,1.41,72.1,70.9,72.1,11.0,11.0,11.0,71.7,1.1157601115760072,11.0,0.0,-0.7071067811865477,0.7071067811865474,21.0,0.0,0.0,0.0
NHITS_RMU1,2026-05-11 21:03:00,1.41,75.2,74.7,74.7,11.1,11.1,11.0,74.86666666666667,0.44523597506677903,11.066666666666668,0.6024096385542307,-0.6977904598416802,0.7163019434246541,21.0,3.0,0.0,0.0
NHITS_RMU1,2026-05-11 21:06:00,1.42,75.2,74.7,74.7,11.0,11.0,11.0,74.86666666666667,0.44523597506677903,11.0,0.0,-0.6883545756937534,0.7253743710122882,21.0,6.0,0.0,0.0
NHITS_RMU1,2026-05-11 21:09:00,1.5,75.2,74.7,74.7,11.0,11.0,11.0,74.86666666666667,0.44523597506677903,11.0,0.0,-0.6788007455329418,0.7343225094356856,21.0,9.0,0.0,0.0
NHITS_RMU1,2026-05-11 21:12:00,1.48,75.2,74.7,74.7,11.0,11.0,11.0,74.86666666666667,0.44523597506677903,11.0,0.0,-0.6691306063588588,0.7431448254773937,21.0,12.0,0.0,0.0
NHITS_RMU1,2026-05-11 21:15:00,1.47,76.5,74.4,74.4,11.0,10.9,11.0,75.10000000000001,1.864181091877485,10.966666666666667,0.6079027355623079,-0.6593458151000694,0.7518398074789769,21.0,15.0,0.0,0.0
NHITS_RMU1,2026-05-11 21:18:00,1.42,76.5,74.4,74.4,11.0,11.0,11.0,75.10000000000001,1.864181091877485,11.0,0.0,-0.6494480483301834,0.760405965600031,21.0,18.0,0.0,0.0
NHITS_RMU1,2026-05-11 21:21:00,1.45,76.5,74.4,74.4,11.0,11.0,11.0,75.10000000000001,1.864181091877485,11.0,0.0,-0.6394390019805846,0.7688418320734597,21.0,21.0,0.0,0.0
NHITS_RMU1,2026-05-11 21:24:00,1.38,76.5,74.4,74.4,11.1,11.0,11.0,75.10000000000001,1.864181091877485,11.033333333333333,0.6042296072507531,-0.6293203910498378,0.7771459614569706,21.0,24.0,0.0,0.0
NHITS_RMU1,2026-05-11 21:27:00,1.45,76.8,76.4,76.0,11.0,11.0,11.0,76.39999999999999,0.5235602094240913,11.0,0.0,-0.6190939493098343,0.7853169308807446,21.0,27.0,0.0,0.0
NHITS_RMU1,2026-05-11 21:30:00,1.455,76.9,76.2,76.6,11.1,11.0,11.1,76.56666666666668,0.4788855028297878,11.066666666666668,0.6024096385542307,-0.6087614290087209,0.7933533402912349,21.0,30.0,0.0,0.0
NHITS_RMU1,2026-05-11 21:33:00,1.46,76.9,76.2,76.6,11.1,11.0,11.1,76.56666666666668,0.4788855028297878,11.066666666666668,0.6024096385542307,-0.5983246005706593,0.8012538126910604,21.0,33.0,0.0,0.0
NHITS_RMU1,2026-05-11 21:36:00,1.45,78.3,77.8,78.3,11.1,11.0,11.0,78.13333333333333,0.4266211604095503,11.033333333333333,0.6042296072507531,-0.5877852522924734,0.8090169943749473,21.0,36.0,0.0,0.0
NHITS_RMU1,2026-05-11 21:39:00,1.5,78.3,77.8,78.3,11.0,11.0,11.0,78.13333333333333,0.4266211604095503,11.0,0.0,-0.5771451900372345,0.8166415551616784,21.0,39.0,0.0,0.0
NHITS_RMU1,2026-05-11 21:42:00,1.49,78.10000000000001,80.9,81.5,11.0,11.0,11.0,80.16666666666667,2.577962577962573,11.0,0.0,-0.5664062369248329,0.8241261886220156,21.0,42.0,0.0,0.0
NHITS_RMU1,2026-05-11 21:45:00,1.52,77.9,77.0,77.5,11.1,11.0,11.1,77.46666666666667,0.6024096385542193,11.066666666666668,0.6024096385542307,-0.5555702330196022,0.8314696123025452,21.0,45.0,0.0,0.0
NHITS_RMU1,2026-05-11 21:48:00,1.52,77.9,77.0,77.5,11.1,11.1,11.1,77.46666666666667,0.6024096385542193,11.1,0.0,-0.544639035015027,0.838670567945424,21.0,48.0,0.0,0.0
NHITS_RMU1,2026-05-11 21:51:00,1.46,78.2,79.2,79.6,11.1,11.2,11.1,79.0,1.0126582278480976,11.133333333333333,0.5988023952095788,-0.5336145159156114,0.8457278217039733,21.0,51.0,0.0,0.0
NHITS_RMU1,2026-05-11 21:54:00,1.59,78.2,79.2,79.6,11.2,11.2,11.1,79.0,1.0126582278480976,11.166666666666666,0.5970149253731323,-0.5224985647159495,0.8526401643540918,21.0,54.0,0.0,0.0
NHITS_RMU1,2026-05-11 21:57:00,1.41,78.2,79.2,79.6,11.2,11.2,11.2,79.0,1.0126582278480976,11.199999999999998,1.5860328923216526e-14,-0.5112930860770526,0.8594064115014524,21.0,57.0,0.0,0.0
NHITS_RMU1,2026-05-11 22:00:00,1.6,87.55000000000001,85.26666666666667,86.1,11.2,11.2,11.2,86.30555555555554,1.4419053749597963,11.199999999999998,1.5860328923216526e-14,-0.5000000000000004,0.8660254037844384,22.0,0.0,0.0,0.0
NHITS_RMU1,2026-05-11 22:03:00,1.45,96.9,91.33333333333334,92.6,11.1,11.1,11.1,93.61111111111113,3.5133531157269897,11.1,0.0,-0.4886212414969546,0.8724960070727973,22.0,3.0,0.0,0.0
NHITS_RMU1,2026-05-11 22:06:00,1.75,96.9,97.4,99.1,11.0,11.1,11.0,97.8,1.3292433537832282,11.033333333333333,0.6042296072507531,-0.47715876025960796,0.8788171126619656,22.0,6.0,0.0,0.0
NHITS_RMU1,2026-05-11 22:09:00,1.56,96.9,97.4,99.1,11.0,11.0,11.0,97.8,1.3292433537832282,11.0,0.0,-0.4656145203251117,0.8849876374630418,22.0,9.0,0.0,0.0
NHITS_RMU1,2026-05-11 22:12:00,1.7,96.9,97.4,99.1,11.0,11.1,11.0,97.8,1.3292433537832282,11.033333333333333,0.6042296072507531,-0.45399049973954697,0.8910065241883678,22.0,12.0,0.0,0.0
NHITS_RMU1,2026-05-11 22:15:00,1.92,96.9,97.4,99.1,11.0,11.0,11.0,97.8,1.3292433537832282,11.0,0.0,-0.4422886902190014,0.8968727415326883,22.0,15.0,0.0,0.0
NHITS_RMU1,2026-05-11 22:18:00,1.72,83.7,84.3,85.2,11.0,11.0,11.0,84.39999999999999,0.9478672985782126,11.0,0.0,-0.4305110968082952,0.9025852843498605,22.0,18.0,0.0,0.0
NHITS_RMU1,2026-05-11 22:21:00,1.62,80.0,79.8,81.1,11.0,11.0,11.0,80.3,0.9962640099626366,11.0,0.0,-0.4186597375374281,0.9081431738250813,22.0,21.0,0.0,0.0
NHITS_RMU1,2026-05-11 22:24:00,1.67,80.0,79.8,81.1,11.0,11.0,11.0,80.3,0.9962640099626366,11.0,0.0,-0.40673664307580093,0.9135454576426005,22.0,24.0,0.0,0.0
NHITS_RMU1,2026-05-11 22:27:00,1.54,86.5,87.0,88.6,11.0,11.0,11.0,87.36666666666667,1.4116749332315757,11.0,0.0,-0.3947438563842671,0.9187912101488983,22.0,27.0,0.0,0.0
NHITS_RMU1,2026-05-11 22:30:00,1.42,86.5,87.0,88.6,11.1,11.1,11.1,87.36666666666667,1.4116749332315757,11.1,0.0,-0.3826834323650904,0.9238795325112865,22.0,30.0,0.0,0.0
NHITS_RMU1,2026-05-11 22:33:00,1.39,76.7,77.6,78.9,11.1,11.1,11.1,77.73333333333333,1.5008576329331107,11.1,0.0,-0.3705574375098368,0.928809552871924,22.0,33.0,0.0,0.0
NHITS_RMU1,2026-05-11 22:36:00,1.38,72.5,73.4,74.0,11.1,11.1,11.1,73.3,1.091405184174621,11.1,0.0,-0.35836794954529994,0.9335804264972019,22.0,36.0,0.0,0.0
NHITS_RMU1,2026-05-11 22:39:00,1.36,72.5,73.4,74.0,11.1,11.1,11.1,73.3,1.091405184174621,11.1,0.0,-0.3461170570774934,0.9381913359224839,22.0,39.0,0.0,0.0
NHITS_RMU1,2026-05-11 22:42:00,1.41,70.9,71.6,72.8,11.1,11.1,11.1,71.76666666666667,1.43985137018114,11.1,0.0,-0.3338068592337713,0.9426414910921783,22.0,42.0,0.0,0.0
NHITS_RMU1,2026-05-11 22:45:00,1.65,70.9,71.6,72.8,11.1,11.2,11.1,71.76666666666667,1.43985137018114,11.133333333333333,0.5988023952095788,-0.32143946530316186,0.9469301294951056,22.0,45.0,0.0,0.0
NHITS_RMU1,2026-05-11 22:48:00,1.78,80.9,80.7,82.4,11.1,11.2,11.1,81.33333333333334,1.3114754098360608,11.133333333333333,0.5988023952095788,-0.3090169943749476,0.9510565162951535,22.0,48.0,0.0,0.0
NHITS_RMU1,2026-05-11 22:51:00,1.49,75.3,75.8,76.4,11.1,11.2,11.1,75.83333333333333,0.747252747252761,11.133333333333333,0.5988023952095788,-0.2965415749755711,0.9550199444571866,22.0,51.0,0.0,0.0
NHITS_RMU1,2026-05-11 22:54:00,1.41,75.3,75.8,76.4,11.2,11.2,11.1,75.83333333333333,0.747252747252761,11.166666666666666,0.5970149253731323,-0.28401534470392353,0.9588197348681927,22.0,54.0,0.0,0.0
NHITS_RMU1,2026-05-11 22:57:00,1.59,77.4,77.2,78.8,11.2,11.2,11.2,77.80000000000001,1.285347043701781,11.199999999999998,1.5860328923216526e-14,-0.2714404498650751,0.9624552364536471,22.0,57.0,0.0,0.0
NHITS_RMU1,2026-05-11 23:00:00,1.36,77.4,77.2,78.8,11.1,11.1,11.1,77.80000000000001,1.285347043701781,11.1,0.0,-0.2588190451025207,0.9659258262890683,23.0,0.0,0.0,0.0
NHITS_RMU1,2026-05-11 23:03:00,1.35,77.4,77.2,78.8,11.1,11.1,11.1,77.80000000000001,1.285347043701781,11.1,0.0,-0.24615329302899291,0.9692309097067544,23.0,3.0,0.0,0.0
NHITS_RMU1,2026-05-11 23:06:00,1.37,85.8,85.4,87.2,11.1,11.1,11.0,86.13333333333333,1.2383900928792693,11.066666666666668,0.6024096385542307,-0.2334453638559052,0.9723699203976767,23.0,6.0,0.0,0.0
NHITS_RMU1,2026-05-11 23:09:00,1.32,85.8,85.4,87.2,10.9,10.9,10.9,86.13333333333333,1.2383900928792693,10.9,0.0,-0.2206974350215017,0.9753423205085126,23.0,9.0,0.0,0.0
NHITS_RMU1,2026-05-11 23:12:00,1.49,71.9,69.4,70.2,10.9,10.9,10.9,70.5,1.9858156028368874,10.9,0.0,-0.20791169081775987,0.9781476007338056,23.0,12.0,0.0,0.0
NHITS_RMU1,2026-05-11 23:15:00,1.13,71.9,69.4,70.2,10.8,10.8,10.8,70.5,1.9858156028368874,10.800000000000002,1.644774851296528e-14,-0.19509032201612872,0.9807852804032303,23.0,15.0,0.0,0.0
NHITS_RMU1,2026-05-11 23:18:00,1.11,76.3,73.6,74.5,10.8,10.7,10.8,74.8,2.0053475935828877,10.766666666666666,0.6191950464396263,-0.18223552549214783,0.9832549075639545,23.0,18.0,0.0,0.0
NHITS_RMU1,2026-05-11 23:21:00,1.18,66.7,63.9,65.4,10.7,10.7,10.7,65.33333333333333,2.193877551020403,10.699999999999998,1.660146578878739e-14,-0.16934950384902406,0.9855560590580779,23.0,21.0,0.0,0.0
NHITS_RMU1,2026-05-11 23:24:00,1.09,66.7,63.9,65.4,10.7,10.7,10.8,65.33333333333333,2.193877551020403,10.733333333333334,0.621118012422358,-0.15643446504023112,0.9876883405951377,23.0,24.0,0.0,0.0
NHITS_RMU1,2026-05-11 23:27:00,1.28,66.7,63.9,65.4,10.7,10.7,10.7,65.33333333333333,2.193877551020403,10.699999999999998,1.660146578878739e-14,-0.14349262199117946,0.9896513868196702,23.0,27.0,0.0,0.0
NHITS_RMU1,2026-05-11 23:30:00,1.2,66.7,63.9,65.4,10.7,10.7,10.7,65.33333333333333,2.193877551020403,10.699999999999998,1.660146578878739e-14,-0.13052619222005168,0.9914448613738104,23.0,30.0,0.0,0.0
NHITS_RMU1,2026-05-11 23:33:00,1.18,71.0,85.2,87.3,10.7,10.7,10.7,81.16666666666667,12.52566735112937,10.699999999999998,1.660146578878739e-14,-0.11753739745783766,0.9930684569549263,23.0,33.0,0.0,0.0
NHITS_RMU1,2026-05-11 23:36:00,1.4,63.2,61.3,61.6,10.8,10.8,10.8,62.03333333333333,1.8807092960773855,10.800000000000002,1.644774851296528e-14,-0.10452846326765342,0.9945218953682733,23.0,36.0,0.0,0.0
NHITS_RMU1,2026-05-11 23:39:00,1.2,63.2,85.1,86.6,10.8,10.8,10.8,78.3,19.28480204342273,10.800000000000002,1.644774851296528e-14,-0.09150161866340314,0.9958049275746617,23.0,39.0,0.0,0.0
NHITS_RMU1,2026-05-11 23:42:00,1.13,67.8,59.6,60.4,10.8,10.8,10.8,62.6,8.306709265175712,10.800000000000002,1.644774851296528e-14,-0.07845909572784562,0.996917333733128,23.0,42.0,0.0,0.0
NHITS_RMU1,2026-05-11 23:45:00,1.19,67.8,59.6,60.4,10.8,10.8,10.8,62.6,8.306709265175712,10.800000000000002,1.644774851296528e-14,-0.0654031292301428,0.9978589232386035,23.0,45.0,0.0,0.0
NHITS_RMU1,2026-05-11 23:48:00,1.14,66.6,64.0,65.0,10.8,10.8,10.8,65.2,2.1472392638036677,10.800000000000002,1.644774851296528e-14,-0.05233595624294348,0.9986295347545739,23.0,48.0,0.0,0.0
NHITS_RMU1,2026-05-11 23:51:00,1.01,56.7,55.0,55.5,10.8,10.8,10.9,55.73333333333333,1.7344497607655667,10.833333333333334,0.6153846153846132,-0.039259815759069075,0.9992290362407229,23.0,51.0,0.0,0.0
NHITS_RMU1,2026-05-11 23:54:00,1.02,56.7,55.0,55.5,10.8,10.8,10.8,55.73333333333333,1.7344497607655667,10.800000000000002,1.644774851296528e-14,-0.026176948307874433,0.9996573249755573,23.0,54.0,0.0,0.0
NHITS_RMU1,2026-05-11 23:57:00,1.04,58.8,57.2,57.7,10.8,10.8,10.9,57.9,1.5544041450777177,10.833333333333334,0.6153846153846132,-0.013089595571344759,0.999914327574007,23.0,57.0,0.0,0.0
NHITS_RMU1,2026-05-12 00:00:00,0.959,58.8,57.2,57.7,10.9,10.9,10.9,57.9,1.5544041450777177,10.9,0.0,0.0,1.0,0.0,0.0,1.0,0.0
NHITS_RMU1,2026-05-12 00:03:00,0.935,47.7,46.4,46.5,10.9,10.8,10.9,46.86666666666667,1.7780938833570463,10.866666666666667,0.6134969325153352,0.01308959557134444,0.999914327574007,0.0,3.0,1.0,0.0
NHITS_RMU1,2026-05-12 00:06:00,0.954,51.6,49.7,50.3,10.8,10.8,10.8,50.53333333333334,2.110817941952499,10.800000000000002,1.644774851296528e-14,0.02617694830787315,0.9996573249755573,0.0,6.0,1.0,0.0
NHITS_RMU1,2026-05-12 00:09:00,0.944,51.6,49.7,50.3,10.8,10.8,10.8,50.53333333333334,2.110817941952499,10.800000000000002,1.644774851296528e-14,0.03925981575906861,0.9992290362407229,0.0,9.0,1.0,0.0
NHITS_RMU1,2026-05-12 00:12:00,1.02,51.6,49.7,50.3,10.8,10.8,10.8,50.53333333333334,2.110817941952499,10.800000000000002,1.644774851296528e-14,0.05233595624294383,0.9986295347545738,0.0,12.0,1.0,0.0
NHITS_RMU1,2026-05-12 00:15:00,1.1,51.6,49.7,50.3,10.8,10.8,10.8,50.53333333333334,2.110817941952499,10.800000000000002,1.644774851296528e-14,0.06540312923014306,0.9978589232386035,0.0,15.0,1.0,0.0
NHITS_RMU1,2026-05-12 00:18:00,1.4,75.7,72.6,74.3,10.8,10.8,10.8,74.2,2.1563342318059413,10.800000000000002,1.644774851296528e-14,0.07845909572784494,0.996917333733128,0.0,18.0,1.0,0.0
NHITS_RMU1,2026-05-12 00:21:00,1.05,75.7,72.6,74.3,10.8,10.8,10.8,74.2,2.1563342318059413,10.800000000000002,1.644774851296528e-14,0.09150161866340237,0.9958049275746618,0.0,21.0,1.0,0.0
NHITS_RMU1,2026-05-12 00:24:00,1.13,58.2,56.6,56.9,10.8,10.8,10.8,57.23333333333334,1.6889924286546207,10.800000000000002,1.644774851296528e-14,0.10452846326765346,0.9945218953682733,0.0,24.0,1.0,0.0
NHITS_RMU1,2026-05-12 00:27:00,1.13,58.2,56.6,56.9,10.8,10.8,10.8,57.23333333333334,1.6889924286546207,10.800000000000002,1.644774851296528e-14,0.11753739745783764,0.9930684569549263,0.0,27.0,1.0,0.0
NHITS_RMU1,2026-05-12 00:30:00,1.33,58.2,56.6,56.9,10.8,10.8,10.8,57.23333333333334,1.6889924286546207,10.800000000000002,1.644774851296528e-14,0.13052619222005157,0.9914448613738104,0.0,30.0,1.0,0.0
NHITS_RMU1,2026-05-12 00:33:00,1.1,58.2,56.6,56.9,10.9,10.8,10.9,57.23333333333334,1.6889924286546207,10.866666666666667,0.6134969325153352,0.14349262199117932,0.9896513868196702,0.0,33.0,1.0,0.0
NHITS_RMU1,2026-05-12 00:36:00,1.1,58.2,56.6,56.9,10.8,10.8,10.8,57.23333333333334,1.6889924286546207,10.800000000000002,1.644774851296528e-14,0.15643446504023087,0.9876883405951378,0.0,36.0,1.0,0.0
NHITS_RMU1,2026-05-12 00:39:00,1.23,60.0,57.7,58.800000000000004,10.8,10.8,10.8,58.833333333333336,1.9830028328611857,10.800000000000002,1.644774851296528e-14,0.1693495038490246,0.9855560590580777,0.0,39.0,1.0,0.0
NHITS_RMU1,2026-05-12 00:42:00,1.17,61.8,58.8,60.7,10.8,10.8,10.8,60.43333333333334,2.7027027027027133,10.800000000000002,1.644774851296528e-14,0.18223552549214744,0.9832549075639546,0.0,42.0,1.0,0.0
NHITS_RMU1,2026-05-12 00:45:00,1.1533333333333333,61.8,58.8,60.7,10.8,10.8,10.8,60.43333333333334,2.7027027027027133,10.800000000000002,1.644774851296528e-14,0.19509032201612825,0.9807852804032304,0.0,45.0,1.0,0.0
NHITS_RMU1,2026-05-12 00:48:00,1.1366666666666667,60.25,59.099999999999994,60.3,10.850000000000001,10.8,10.850000000000001,59.883333333333326,1.3080990815474505,10.833333333333334,0.3076923076923066,0.20791169081775931,0.9781476007338057,0.0,48.0,1.0,0.0
NHITS_RMU1,2026-05-12 00:51:00,1.12,58.7,59.4,59.9,10.9,10.8,10.9,59.333333333333336,1.0674157303370777,10.866666666666667,0.6134969325153352,0.22069743502150108,0.9753423205085127,0.0,51.0,1.0,0.0
NHITS_RMU1,2026-05-12 00:54:00,1.14,59.8,57.9,58.5,10.9,10.8,10.9,58.73333333333333,1.8161180476731047,10.866666666666667,0.6134969325153352,0.2334453638559054,0.9723699203976766,0.0,54.0,1.0,0.0
NHITS_RMU1,2026-05-12 00:57:00,1.07,58.9,56.8,57.8,10.9,10.9,10.9,57.833333333333336,1.8443804034582065,10.9,0.0,0.24615329302899303,0.9692309097067544,0.0,57.0,1.0,0.0
NHITS_RMU1,2026-05-12 01:00:00,0.98,58.9,56.8,57.8,10.9,10.9,10.9,57.833333333333336,1.8443804034582065,10.9,0.0,0.25881904510252074,0.9659258262890683,1.0,0.0,1.0,0.0
NHITS_RMU1,2026-05-12 01:03:00,1.16,64.3,62.4,63.7,10.9,10.9,10.9,63.46666666666666,1.6806722689075573,10.9,0.0,0.27144044986507426,0.9624552364536473,1.0,3.0,1.0,0.0
NHITS_RMU1,2026-05-12 01:06:00,1.14,64.3,62.4,63.7,10.9,10.9,11.0,63.46666666666666,1.6806722689075573,10.933333333333332,0.6097560975609898,0.28401534470392265,0.958819734868193,1.0,6.0,1.0,0.0
NHITS_RMU1,2026-05-12 01:09:00,1.16,62.1,60.0,61.1,10.9,10.9,10.9,61.06666666666666,1.7467248908296882,10.9,0.0,0.29654157497557093,0.9550199444571866,1.0,9.0,1.0,0.0
NHITS_RMU1,2026-05-12 01:12:00,1.145,60.93333333333334,59.06666666666667,59.96666666666667,10.9,10.9,10.9,59.98888888888889,1.5743656232635765,10.9,0.0,0.3090169943749474,0.9510565162951535,1.0,12.0,1.0,0.0
NHITS_RMU1,2026-05-12 01:15:00,1.13,59.766666666666666,58.13333333333333,58.833333333333336,10.9,10.9,10.9,58.91111111111112,1.452282157676334,10.9,0.0,0.3214394653031616,0.9469301294951057,1.0,15.0,1.0,0.0
NHITS_RMU1,2026-05-12 01:18:00,1.12,58.6,57.2,57.7,10.9,10.9,10.9,57.833333333333336,1.3256484149855892,10.9,0.0,0.33380685923377096,0.9426414910921784,1.0,18.0,1.0,0.0
NHITS_RMU1,2026-05-12 01:21:00,1.07,58.6,57.2,57.7,10.9,10.9,10.9,57.833333333333336,1.3256484149855892,10.9,0.0,0.34611705707749296,0.9381913359224842,1.0,21.0,1.0,0.0
NHITS_RMU1,2026-05-12 01:24:00,1.03,59.4,57.6,58.4,10.9,10.9,10.9,58.46666666666667,1.5963511972633921,10.9,0.0,0.3583679495453002,0.9335804264972017,1.0,24.0,1.0,0.0
NHITS_RMU1,2026-05-12 01:27:00,1.13,58.6,56.3,57.0,10.9,10.9,10.9,57.300000000000004,2.2687609075043578,10.9,0.0,0.3705574375098362,0.9288095528719242,1.0,27.0,1.0,0.0
NHITS_RMU1,2026-05-12 01:30:00,1.03,58.6,56.3,57.0,11.0,10.9,11.0,57.300000000000004,2.2687609075043578,10.966666666666667,0.6079027355623079,0.3826834323650898,0.9238795325112867,1.0,30.0,1.0,0.0
NHITS_RMU1,2026-05-12 01:33:00,1.15,79.0,76.7,77.6,11.0,11.0,11.0,77.76666666666667,1.5859408486926716,11.0,0.0,0.39474385638426723,0.9187912101488983,1.0,33.0,1.0,0.0
NHITS_RMU1,2026-05-12 01:36:00,1.25,79.0,76.7,77.6,10.9,10.9,10.9,77.76666666666667,1.5859408486926716,10.9,0.0,0.40673664307580015,0.9135454576426009,1.0,36.0,1.0,0.0
NHITS_RMU1,2026-05-12 01:39:00,1.03,58.1,56.1,57.1,10.9,10.9,10.9,57.1,1.7513134851138352,10.9,0.0,0.418659737537428,0.9081431738250814,1.0,39.0,1.0,0.0
NHITS_RMU1,2026-05-12 01:42:00,1.02,52.1,50.4,51.6,10.9,10.9,10.9,51.36666666666667,1.8818948734587966,10.9,0.0,0.4305110968082951,0.9025852843498606,1.0,42.0,1.0,0.0
NHITS_RMU1,2026-05-12 01:45:00,1.04,52.1,50.4,51.6,10.9,10.9,11.0,51.36666666666667,1.8818948734587966,10.933333333333332,0.6097560975609898,0.4422886902190013,0.8968727415326883,1.0,45.0,1.0,0.0
NHITS_RMU1,2026-05-12 01:48:00,0.979,55.1,52.5,53.5,11.0,10.9,11.0,53.699999999999996,2.6070763500931204,10.966666666666667,0.6079027355623079,0.45399049973954675,0.8910065241883679,1.0,48.0,1.0,0.0
NHITS_RMU1,2026-05-12 01:51:00,1.03,55.1,52.5,53.5,11.0,11.0,11.0,53.699999999999996,2.6070763500931204,11.0,0.0,0.4656145203251114,0.8849876374630419,1.0,51.0,1.0,0.0
NHITS_RMU1,2026-05-12 01:54:00,0.98,57.6,55.9,56.9,11.0,11.0,11.0,56.800000000000004,1.584507042253531,11.0,0.0,0.4771587602596084,0.8788171126619654,1.0,54.0,1.0,0.0
NHITS_RMU1,2026-05-12 01:57:00,1.02,54.5,53.0,53.9,11.0,11.0,11.0,53.800000000000004,1.486988847583651,11.0,0.0,0.4886212414969549,0.8724960070727972,1.0,57.0,1.0,0.0
NHITS_RMU1,2026-05-12 02:00:00,1.13,54.5,53.0,53.9,11.0,11.0,11.0,53.800000000000004,1.486988847583651,11.0,0.0,0.49999999999999994,0.8660254037844387,2.0,0.0,1.0,0.0
NHITS_RMU1,2026-05-12 02:03:00,0.961,76.8,74.0,74.8,11.0,11.0,11.0,75.2,2.1276595744680775,11.0,0.0,0.511293086077052,0.8594064115014527,2.0,3.0,1.0,0.0
NHITS_RMU1,2026-05-12 02:06:00,1.13,76.8,74.0,74.8,11.0,11.0,11.0,75.2,2.1276595744680775,11.0,0.0,0.5224985647159488,0.8526401643540922,2.0,6.0,1.0,0.0
