unique_id,ds,y,IR,IY,IB,VRY,VYB,VBR,avg_current,current_imbalance_pct,avg_voltage,voltage_imbalance_pct,hour,minute,day_of_week,is_weekend
PatchTST_11KV_KUBERA,2026-05-11 01:06:00,1.42,75.7,73.5,79.0,10.9,10.9,10.9,76.06666666666666,3.8562664329535545,10.9,0.0,1.0,6.0,0.0,0.0
PatchTST_11KV_KUBERA,2026-05-11 01:09:00,1.42,76.1,73.2,78.8,10.9,10.8,10.9,76.03333333333335,3.7264357737834404,10.866666666666667,0.6134969325153352,1.0,9.0,0.0,0.0
PatchTST_11KV_KUBERA,2026-05-11 01:12:00,1.42,77.0,74.5,78.6,10.9,10.9,10.9,76.7,2.868318122555414,10.9,0.0,1.0,12.0,0.0,0.0
PatchTST_11KV_KUBERA,2026-05-11 01:15:00,1.4,74.5,73.0,78.0,10.9,10.8,10.9,75.16666666666667,3.7694013303769336,10.866666666666667,0.6134969325153352,1.0,15.0,0.0,0.0
PatchTST_11KV_KUBERA,2026-05-11 01:18:00,1.41,76.0,73.3,78.3,10.9,10.9,10.9,75.86666666666667,3.3831282952548465,10.9,0.0,1.0,18.0,0.0,0.0
PatchTST_11KV_KUBERA,2026-05-11 01:21:00,1.41,75.9,73.9,78.2,10.9,10.9,10.9,76.0,2.894736842105267,10.9,0.0,1.0,21.0,0.0,0.0
PatchTST_11KV_KUBERA,2026-05-11 01:24:00,1.42,76.4,73.7,78.8,10.9,10.8,10.9,76.30000000000001,3.407601572739198,10.866666666666667,0.6134969325153352,1.0,24.0,0.0,0.0
PatchTST_11KV_KUBERA,2026-05-11 01:27:00,1.39,74.8,73.1,77.6,10.9,10.9,10.9,75.16666666666666,3.2372505543237304,10.9,0.0,1.0,27.0,0.0,0.0
PatchTST_11KV_KUBERA,2026-05-11 01:30:00,1.38,74.8,72.1,76.9,10.9,10.8,10.9,74.6,3.3512064343163543,10.866666666666667,0.6134969325153352,1.0,30.0,0.0,0.0
PatchTST_11KV_KUBERA,2026-05-11 01:33:00,1.37,74.9,72.5,76.8,10.9,10.8,10.9,74.73333333333333,2.988403211418378,10.866666666666667,0.6134969325153352,1.0,33.0,0.0,0.0
PatchTST_11KV_KUBERA,2026-05-11 01:36:00,1.41,75.9,73.3,77.8,10.9,10.8,10.9,75.66666666666667,3.1277533039647674,10.866666666666667,0.6134969325153352,1.0,36.0,0.0,0.0
PatchTST_11KV_KUBERA,2026-05-11 01:39:00,1.4,74.7,71.7,77.2,10.9,10.8,10.9,74.53333333333335,3.8014311270125343,10.866666666666667,0.6134969325153352,1.0,39.0,0.0,0.0
PatchTST_11KV_KUBERA,2026-05-11 01:42:00,1.38,74.5,71.7,76.5,10.9,10.8,10.9,74.23333333333333,3.412662775033675,10.866666666666667,0.6134969325153352,1.0,42.0,0.0,0.0
PatchTST_11KV_KUBERA,2026-05-11 01:45:00,1.42,73.9,70.9,76.1,10.9,10.9,10.9,73.63333333333334,3.7120869171570856,10.9,0.0,1.0,45.0,0.0,0.0
PatchTST_11KV_KUBERA,2026-05-11 01:48:00,1.37,74.2,71.0,75.6,10.9,10.9,10.9,73.6,3.5326086956521663,10.9,0.0,1.0,48.0,0.0,0.0
PatchTST_11KV_KUBERA,2026-05-11 01:51:00,1.38,74.0,71.3,74.5,10.9,10.9,11.0,73.26666666666667,2.684258416742496,10.933333333333332,0.6097560975609898,1.0,51.0,0.0,0.0
PatchTST_11KV_KUBERA,2026-05-11 01:54:00,1.38,74.5,70.3,75.3,10.9,10.9,10.9,73.36666666666667,4.179918218991381,10.9,0.0,1.0,54.0,0.0,0.0
PatchTST_11KV_KUBERA,2026-05-11 01:57:00,1.36,73.5,69.8,74.6,10.9,10.9,10.9,72.63333333333334,3.900871959614515,10.9,0.0,1.0,57.0,0.0,0.0
PatchTST_11KV_KUBERA,2026-05-11 02:00:00,1.38,74.0,71.7,74.9,10.9,10.9,11.0,73.53333333333333,2.493200362647319,10.933333333333332,0.6097560975609898,2.0,0.0,0.0,0.0
PatchTST_11KV_KUBERA,2026-05-11 02:03:00,1.36,73.0,70.0,75.0,10.9,10.9,10.9,72.66666666666667,3.6697247706422083,10.9,0.0,2.0,3.0,0.0,0.0
PatchTST_11KV_KUBERA,2026-05-11 02:06:00,1.39,75.0,70.8,75.7,11.0,10.9,11.0,73.83333333333333,4.1083521444695235,10.966666666666667,0.6079027355623079,2.0,6.0,0.0,0.0
PatchTST_11KV_KUBERA,2026-05-11 02:09:00,1.35,72.7,69.9,74.6,11.0,10.9,11.0,72.4,3.4530386740331487,10.966666666666667,0.6079027355623079,2.0,9.0,0.0,0.0
PatchTST_11KV_KUBERA,2026-05-11 02:12:00,1.34,72.1,69.2,73.5,10.9,10.9,11.0,71.60000000000001,3.3519553072625774,10.933333333333332,0.6097560975609898,2.0,12.0,0.0,0.0
PatchTST_11KV_KUBERA,2026-05-11 02:15:00,1.35,72.3,68.6,74.7,11.0,10.9,11.0,71.86666666666666,4.545454545454545,10.966666666666667,0.6079027355623079,2.0,15.0,0.0,0.0
PatchTST_11KV_KUBERA,2026-05-11 02:18:00,1.35,73.1,68.2,74.5,11.0,10.9,11.0,71.93333333333334,5.189990732159408,10.966666666666667,0.6079027355623079,2.0,18.0,0.0,0.0
PatchTST_11KV_KUBERA,2026-05-11 02:21:00,1.32,71.0,67.8,73.2,11.0,10.9,11.0,70.66666666666667,4.056603773584916,10.966666666666667,0.6079027355623079,2.0,21.0,0.0,0.0
PatchTST_11KV_KUBERA,2026-05-11 02:24:00,1.32,70.5,67.3,72.2,11.0,10.9,11.0,70.0,3.857142857142861,10.966666666666667,0.6079027355623079,2.0,24.0,0.0,0.0
PatchTST_11KV_KUBERA,2026-05-11 02:27:00,1.32,70.8,66.6,73.1,11.0,11.0,11.0,70.16666666666666,5.083135391923986,11.0,0.0,2.0,27.0,0.0,0.0
PatchTST_11KV_KUBERA,2026-05-11 02:30:00,1.31,70.6,66.2,71.9,11.0,11.0,11.0,69.56666666666668,4.8394825107810355,11.0,0.0,2.0,30.0,0.0,0.0
PatchTST_11KV_KUBERA,2026-05-11 02:33:00,1.31,70.0,67.4,72.5,11.0,10.9,11.0,69.96666666666667,3.668413530252496,10.966666666666667,0.6079027355623079,2.0,33.0,0.0,0.0
PatchTST_11KV_KUBERA,2026-05-11 02:36:00,1.31,70.5,66.3,71.9,11.0,10.9,11.0,69.56666666666668,4.69573550551032,10.966666666666667,0.6079027355623079,2.0,36.0,0.0,0.0
PatchTST_11KV_KUBERA,2026-05-11 02:39:00,1.3,70.1,66.5,71.5,11.0,11.0,11.0,69.36666666666666,4.132628543969236,11.0,0.0,2.0,39.0,0.0,0.0
PatchTST_11KV_KUBERA,2026-05-11 02:42:00,1.31,71.0,67.1,71.9,11.0,11.0,11.0,70.0,4.142857142857151,11.0,0.0,2.0,42.0,0.0,0.0
PatchTST_11KV_KUBERA,2026-05-11 02:45:00,1.29,69.6,66.4,72.0,11.0,11.0,11.0,69.33333333333333,4.230769230769216,11.0,0.0,2.0,45.0,0.0,0.0
PatchTST_11KV_KUBERA,2026-05-11 02:48:00,1.29,68.7,66.2,70.2,11.0,11.0,11.0,68.36666666666667,3.169185763042425,11.0,0.0,2.0,48.0,0.0,0.0
PatchTST_11KV_KUBERA,2026-05-11 02:51:00,1.3,69.5,65.8,71.2,11.0,11.0,11.0,68.83333333333333,4.406779661016946,11.0,0.0,2.0,51.0,0.0,0.0
PatchTST_11KV_KUBERA,2026-05-11 02:54:00,1.29,67.8,66.2,70.1,11.0,11.0,11.0,68.03333333333333,3.03772660460558,11.0,0.0,2.0,54.0,0.0,0.0
PatchTST_11KV_KUBERA,2026-05-11 02:57:00,1.26,67.7,64.4,69.8,11.0,11.0,11.0,67.30000000000001,4.3090638930163525,11.0,0.0,2.0,57.0,0.0,0.0
PatchTST_11KV_KUBERA,2026-05-11 03:00:00,1.27,68.5,64.4,69.8,11.1,11.0,11.0,67.56666666666666,4.686729156388738,11.033333333333333,0.6042296072507531,3.0,0.0,0.0,0.0
PatchTST_11KV_KUBERA,2026-05-11 03:03:00,1.27,68.0,65.0,69.5,11.0,11.0,11.0,67.5,3.7037037037037037,11.0,0.0,3.0,3.0,0.0,0.0
PatchTST_11KV_KUBERA,2026-05-11 03:06:00,1.26,66.8,64.0,67.9,11.1,11.0,11.1,66.23333333333333,3.3719174635128346,11.066666666666668,0.6024096385542307,3.0,6.0,0.0,0.0
PatchTST_11KV_KUBERA,2026-05-11 03:09:00,1.26,67.5,64.8,69.9,11.0,11.0,11.1,67.4,3.8575667655786474,11.033333333333333,0.6042296072507531,3.0,9.0,0.0,0.0
PatchTST_11KV_KUBERA,2026-05-11 03:12:00,1.26,66.7,63.9,68.7,11.0,11.0,11.1,66.43333333333334,3.813346713497248,11.033333333333333,0.6042296072507531,3.0,12.0,0.0,0.0
PatchTST_11KV_KUBERA,2026-05-11 03:15:00,1.26,67.0,64.5,69.1,11.0,11.0,11.1,66.86666666666666,3.53938185443668,11.033333333333333,0.6042296072507531,3.0,15.0,0.0,0.0
PatchTST_11KV_KUBERA,2026-05-11 03:18:00,1.24,66.0,63.7,69.2,11.0,10.9,11.0,66.3,4.374057315233794,10.966666666666667,0.6079027355623079,3.0,18.0,0.0,0.0
PatchTST_11KV_KUBERA,2026-05-11 03:21:00,1.25,66.2,64.0,69.0,11.1,11.0,11.1,66.39999999999999,3.915662650602423,11.066666666666668,0.6024096385542307,3.0,21.0,0.0,0.0
PatchTST_11KV_KUBERA,2026-05-11 03:24:00,1.24,65.7,62.6,67.4,11.1,11.0,11.1,65.23333333333333,4.03679100664282,11.066666666666668,0.6024096385542307,3.0,24.0,0.0,0.0
PatchTST_11KV_KUBERA,2026-05-11 03:27:00,1.24,65.6,63.3,67.4,11.1,11.0,11.1,65.43333333333332,3.260315843097289,11.066666666666668,0.6024096385542307,3.0,27.0,0.0,0.0
PatchTST_11KV_KUBERA,2026-05-11 03:30:00,1.25,66.1,63.6,67.8,11.1,11.0,11.1,65.83333333333333,3.3924050632911302,11.066666666666668,0.6024096385542307,3.0,30.0,0.0,0.0
PatchTST_11KV_KUBERA,2026-05-11 03:33:00,1.25,66.4,64.2,68.2,11.1,11.0,11.1,66.26666666666667,3.1187122736418456,11.066666666666668,0.6024096385542307,3.0,33.0,0.0,0.0
PatchTST_11KV_KUBERA,2026-05-11 03:36:00,1.24,66.1,63.5,68.3,11.1,11.0,11.1,65.96666666666665,3.7392622536634486,11.066666666666668,0.6024096385542307,3.0,36.0,0.0,0.0
PatchTST_11KV_KUBERA,2026-05-11 03:39:00,1.23,64.7,63.4,68.0,11.1,11.0,11.1,65.36666666666666,4.0285568587455485,11.066666666666668,0.6024096385542307,3.0,39.0,0.0,0.0
PatchTST_11KV_KUBERA,2026-05-11 03:42:00,1.23,64.9,62.9,68.0,11.1,11.1,11.1,65.26666666666667,4.1879468845761,11.1,0.0,3.0,42.0,0.0,0.0
PatchTST_11KV_KUBERA,2026-05-11 03:45:00,1.23,64.4,62.7,67.8,11.1,11.0,11.1,64.96666666666667,4.361210877373004,11.066666666666668,0.6024096385542307,3.0,45.0,0.0,0.0
PatchTST_11KV_KUBERA,2026-05-11 03:48:00,1.24,64.1,62.9,67.9,11.1,11.0,11.1,64.96666666666667,4.515135967162653,11.066666666666668,0.6024096385542307,3.0,48.0,0.0,0.0
PatchTST_11KV_KUBERA,2026-05-11 03:51:00,1.21,62.7,61.0,66.9,11.1,11.1,11.1,63.53333333333334,5.299055613850998,11.1,0.0,3.0,51.0,0.0,0.0
PatchTST_11KV_KUBERA,2026-05-11 03:54:00,1.22,64.1,62.0,67.0,11.1,11.1,11.1,64.36666666666666,4.091144484722952,11.1,0.0,3.0,54.0,0.0,0.0
PatchTST_11KV_KUBERA,2026-05-11 03:57:00,1.22,64.2,62.2,67.8,11.1,11.1,11.1,64.73333333333333,4.737384140061786,11.1,0.0,3.0,57.0,0.0,0.0
PatchTST_11KV_KUBERA,2026-05-11 04:00:00,1.22,64.1,61.6,66.7,11.1,11.1,11.1,64.13333333333333,4.002079002079019,11.1,0.0,4.0,0.0,0.0,0.0
PatchTST_11KV_KUBERA,2026-05-11 04:03:00,1.2,63.2,61.5,65.8,11.1,11.1,11.1,63.5,3.6220472440944835,11.1,0.0,4.0,3.0,0.0,0.0
PatchTST_11KV_KUBERA,2026-05-11 04:06:00,1.22,63.9,62.3,66.6,11.1,11.1,11.1,64.26666666666667,3.6307053941908642,11.1,0.0,4.0,6.0,0.0,0.0
PatchTST_11KV_KUBERA,2026-05-11 04:09:00,1.22,64.4,62.2,66.9,11.1,11.0,11.1,64.5,3.7209302325581484,11.066666666666668,0.6024096385542307,4.0,9.0,0.0,0.0
PatchTST_11KV_KUBERA,2026-05-11 04:12:00,1.21,64.5,61.9,66.4,11.1,11.1,11.1,64.26666666666667,3.6825726141078845,11.1,0.0,4.0,12.0,0.0,0.0
PatchTST_11KV_KUBERA,2026-05-11 04:15:00,1.23,64.5,63.2,67.6,11.1,11.0,11.1,65.10000000000001,3.8402457757296244,11.066666666666668,0.6024096385542307,4.0,15.0,0.0,0.0
PatchTST_11KV_KUBERA,2026-05-11 04:18:00,1.23,65.3,63.0,67.5,11.1,11.0,11.1,65.26666666666667,3.472931562819202,11.066666666666668,0.6024096385542307,4.0,18.0,0.0,0.0
PatchTST_11KV_KUBERA,2026-05-11 04:21:00,1.24,65.5,63.4,68.0,11.1,11.1,11.1,65.63333333333334,3.6058913153885115,11.1,0.0,4.0,21.0,0.0,0.0
PatchTST_11KV_KUBERA,2026-05-11 04:24:00,1.24,65.7,63.0,67.8,11.1,11.0,11.1,65.5,3.816793893129771,11.066666666666668,0.6024096385542307,4.0,24.0,0.0,0.0
PatchTST_11KV_KUBERA,2026-05-11 04:27:00,1.23,64.8,63.7,67.4,11.1,11.1,11.1,65.3,3.2159264931087423,11.1,0.0,4.0,27.0,0.0,0.0
PatchTST_11KV_KUBERA,2026-05-11 04:30:00,1.24,65.7,64.2,68.8,11.1,11.1,11.1,66.23333333333333,3.875188726723698,11.1,0.0,4.0,30.0,0.0,0.0
PatchTST_11KV_KUBERA,2026-05-11 04:33:00,1.23,63.4,63.6,67.6,11.1,11.0,11.1,64.86666666666666,4.213771839671122,11.066666666666668,0.6024096385542307,4.0,33.0,0.0,0.0
PatchTST_11KV_KUBERA,2026-05-11 04:36:00,1.24,64.1,65.1,68.4,11.1,11.0,11.1,65.86666666666666,3.8461538461538654,11.066666666666668,0.6024096385542307,4.0,36.0,0.0,0.0
PatchTST_11KV_KUBERA,2026-05-11 04:39:00,1.23,64.1,64.7,68.0,11.0,11.0,11.0,65.60000000000001,3.65853658536584,11.0,0.0,4.0,39.0,0.0,0.0
PatchTST_11KV_KUBERA,2026-05-11 04:42:00,1.22,63.7,65.1,68.4,11.0,11.0,11.0,65.73333333333333,4.056795131845849,11.0,0.0,4.0,42.0,0.0,0.0
PatchTST_11KV_KUBERA,2026-05-11 04:45:00,1.23,64.1,63.9,67.4,11.1,11.0,11.1,65.13333333333334,3.4800409416581353,11.066666666666668,0.6024096385542307,4.0,45.0,0.0,0.0
PatchTST_11KV_KUBERA,2026-05-11 04:48:00,1.22,64.3,64.5,66.8,11.0,11.0,11.0,65.2,2.453987730061341,11.0,0.0,4.0,48.0,0.0,0.0
PatchTST_11KV_KUBERA,2026-05-11 04:51:00,1.21,64.9,63.1,66.7,11.0,11.0,11.0,64.89999999999999,2.773497688751944,11.0,0.0,4.0,51.0,0.0,0.0
PatchTST_11KV_KUBERA,2026-05-11 04:54:00,1.25,65.5,64.6,68.4,11.0,11.0,11.1,66.16666666666667,3.3753148614609585,11.033333333333333,0.6042296072507531,4.0,54.0,0.0,0.0
PatchTST_11KV_KUBERA,2026-05-11 04:57:00,1.23,64.1,63.2,67.7,11.0,11.0,11.0,65.0,4.153846153846159,11.0,0.0,4.0,57.0,0.0,0.0
PatchTST_11KV_KUBERA,2026-05-11 05:00:00,1.23,65.1,64.3,66.9,11.1,11.0,11.1,65.43333333333332,2.2414671421294186,11.066666666666668,0.6024096385542307,5.0,0.0,0.0,0.0
PatchTST_11KV_KUBERA,2026-05-11 05:03:00,1.26,65.5,65.1,68.3,11.1,11.1,11.1,66.3,3.0165912518853695,11.1,0.0,5.0,3.0,0.0,0.0
PatchTST_11KV_KUBERA,2026-05-11 05:06:00,1.28,68.6,66.1,69.4,11.0,11.0,11.1,68.03333333333333,2.841744243018134,11.033333333333333,0.6042296072507531,5.0,6.0,0.0,0.0
PatchTST_11KV_KUBERA,2026-05-11 05:09:00,1.31,69.9,68.7,70.2,11.0,11.0,11.0,69.60000000000001,1.29310344827587,11.0,0.0,5.0,9.0,0.0,0.0
PatchTST_11KV_KUBERA,2026-05-11 05:12:00,1.32,71.1,69.3,71.8,11.0,11.0,11.1,70.73333333333333,2.02639019792649,11.033333333333333,0.6042296072507531,5.0,12.0,0.0,0.0
PatchTST_11KV_KUBERA,2026-05-11 05:15:00,1.33,70.1,68.6,72.9,11.0,11.0,11.1,70.53333333333333,3.3553875236295005,11.033333333333333,0.6042296072507531,5.0,15.0,0.0,0.0
PatchTST_11KV_KUBERA,2026-05-11 05:18:00,1.32,70.1,67.7,71.6,11.0,11.0,11.1,69.8,3.0085959885386737,11.033333333333333,0.6042296072507531,5.0,18.0,0.0,0.0
PatchTST_11KV_KUBERA,2026-05-11 05:21:00,1.32,72.0,68.3,72.5,11.0,11.0,11.1,70.93333333333334,3.7124060150376033,11.033333333333333,0.6042296072507531,5.0,21.0,0.0,0.0
PatchTST_11KV_KUBERA,2026-05-11 05:24:00,1.31,70.9,67.8,70.9,11.0,11.0,11.0,69.86666666666666,2.9580152671755675,11.0,0.0,5.0,24.0,0.0,0.0
PatchTST_11KV_KUBERA,2026-05-11 05:27:00,1.32,69.8,69.4,72.7,11.0,11.0,11.0,70.63333333333333,2.925908447380855,11.0,0.0,5.0,27.0,0.0,0.0
PatchTST_11KV_KUBERA,2026-05-11 05:30:00,1.31,69.3,67.6,71.3,11.0,11.0,11.0,69.39999999999999,2.737752161383294,11.0,0.0,5.0,30.0,0.0,0.0
PatchTST_11KV_KUBERA,2026-05-11 05:33:00,1.34,69.8,70.5,72.2,11.0,11.0,11.0,70.83333333333333,1.9294117647058933,11.0,0.0,5.0,33.0,0.0,0.0
PatchTST_11KV_KUBERA,2026-05-11 05:36:00,1.32,69.0,69.8,73.6,11.0,11.0,11.0,70.8,3.9548022598870016,11.0,0.0,5.0,36.0,0.0,0.0
PatchTST_11KV_KUBERA,2026-05-11 05:39:00,1.31,69.8,68.7,73.1,11.0,11.0,11.0,70.53333333333333,3.638941398865779,11.0,0.0,5.0,39.0,0.0,0.0
PatchTST_11KV_KUBERA,2026-05-11 05:42:00,1.31,69.8,68.6,72.1,11.0,10.9,11.0,70.16666666666666,2.755344418052262,10.966666666666667,0.6079027355623079,5.0,42.0,0.0,0.0
PatchTST_11KV_KUBERA,2026-05-11 05:45:00,1.34,70.0,68.7,72.0,11.0,10.9,11.0,70.23333333333333,2.515424774560986,10.966666666666667,0.6079027355623079,5.0,45.0,0.0,0.0
PatchTST_11KV_KUBERA,2026-05-11 05:48:00,1.3,70.1,67.6,72.3,10.9,10.9,10.9,70.0,3.428571428571437,10.9,0.0,5.0,48.0,0.0,0.0
PatchTST_11KV_KUBERA,2026-05-11 05:51:00,1.29,69.3,66.7,71.5,10.9,10.9,11.0,69.16666666666667,3.5662650602409665,10.933333333333332,0.6097560975609898,5.0,51.0,0.0,0.0
PatchTST_11KV_KUBERA,2026-05-11 05:54:00,1.29,70.3,68.2,71.0,10.9,10.9,10.9,69.83333333333333,2.33890214797135,10.9,0.0,5.0,54.0,0.0,0.0
PatchTST_11KV_KUBERA,2026-05-11 05:57:00,1.29,68.7,67.6,72.7,10.9,10.9,10.9,69.66666666666667,4.35406698564593,10.9,0.0,5.0,57.0,0.0,0.0
PatchTST_11KV_KUBERA,2026-05-11 06:00:00,1.31,68.3,68.5,72.2,10.9,10.9,10.9,69.66666666666667,3.6363636363636336,10.9,0.0,6.0,0.0,0.0,0.0
PatchTST_11KV_KUBERA,2026-05-11 06:03:00,1.3,68.0,67.5,74.8,11.0,11.0,11.0,70.10000000000001,6.704707560627658,11.0,0.0,6.0,3.0,0.0,0.0
PatchTST_11KV_KUBERA,2026-05-11 06:06:00,1.29,68.1,66.7,70.2,11.0,11.0,11.0,68.33333333333333,2.731707317073182,11.0,0.0,6.0,6.0,0.0,0.0
PatchTST_11KV_KUBERA,2026-05-11 06:09:00,1.28,67.4,66.6,70.7,10.9,10.9,11.0,68.23333333333333,3.6150464093795827,10.933333333333332,0.6097560975609898,6.0,9.0,0.0,0.0
PatchTST_11KV_KUBERA,2026-05-11 06:12:00,1.29,68.9,68.4,72.5,10.9,10.9,11.0,69.93333333333334,3.670162059103903,10.933333333333332,0.6097560975609898,6.0,12.0,0.0,0.0
PatchTST_11KV_KUBERA,2026-05-11 06:15:00,1.28,68.0,66.1,71.2,10.9,10.9,10.9,68.43333333333334,4.042864101315147,10.9,0.0,6.0,15.0,0.0,0.0
PatchTST_11KV_KUBERA,2026-05-11 06:18:00,1.27,68.0,65.7,72.2,10.9,10.9,10.9,68.63333333333333,5.196697425934936,10.9,0.0,6.0,18.0,0.0,0.0
PatchTST_11KV_KUBERA,2026-05-11 06:21:00,1.28,67.5,67.8,71.6,10.9,10.9,10.9,68.96666666666667,3.8182696955050637,10.9,0.0,6.0,21.0,0.0,0.0
PatchTST_11KV_KUBERA,2026-05-11 06:24:00,1.25,68.0,66.8,69.7,10.9,10.8,10.9,68.16666666666667,2.2493887530562318,10.866666666666667,0.6134969325153352,6.0,24.0,0.0,0.0
PatchTST_11KV_KUBERA,2026-05-11 06:27:00,1.22,67.3,64.7,69.0,10.9,10.8,10.9,67.0,3.432835820895518,10.866666666666667,0.6134969325153352,6.0,27.0,0.0,0.0
PatchTST_11KV_KUBERA,2026-05-11 06:30:00,1.23,64.7,66.1,69.0,10.9,10.8,10.9,66.60000000000001,3.6036036036035903,10.866666666666667,0.6134969325153352,6.0,30.0,0.0,0.0
PatchTST_11KV_KUBERA,2026-05-11 06:33:00,1.27,66.4,68.0,71.2,10.9,10.9,10.9,68.53333333333335,3.891050583657573,10.9,0.0,6.0,33.0,0.0,0.0
PatchTST_11KV_KUBERA,2026-05-11 06:36:00,1.27,66.2,67.9,73.3,10.9,10.8,10.9,69.13333333333334,6.02700096432014,10.866666666666667,0.6134969325153352,6.0,36.0,0.0,0.0
PatchTST_11KV_KUBERA,2026-05-11 06:39:00,1.32,68.4,70.3,74.7,10.9,10.8,10.9,71.13333333333333,5.0140581068416274,10.866666666666667,0.6134969325153352,6.0,39.0,0.0,0.0
PatchTST_11KV_KUBERA,2026-05-11 06:42:00,1.32,69.5,69.9,74.6,10.9,10.8,10.9,71.33333333333333,4.5794392523364476,10.866666666666667,0.6134969325153352,6.0,42.0,0.0,0.0
PatchTST_11KV_KUBERA,2026-05-11 06:45:00,1.33,69.2,70.1,74.1,10.9,10.9,10.9,71.13333333333334,4.170571696344875,10.9,0.0,6.0,45.0,0.0,0.0
PatchTST_11KV_KUBERA,2026-05-11 06:48:00,1.32,68.4,69.0,75.1,11.0,10.9,11.0,70.83333333333333,6.023529411764705,10.966666666666667,0.6079027355623079,6.0,48.0,0.0,0.0
PatchTST_11KV_KUBERA,2026-05-11 06:51:00,1.32,69.9,69.9,73.9,11.0,10.9,11.0,71.23333333333333,3.7435657463734273,10.966666666666667,0.6079027355623079,6.0,51.0,0.0,0.0
PatchTST_11KV_KUBERA,2026-05-11 06:54:00,1.27,68.2,66.3,71.5,10.9,10.9,10.9,68.66666666666667,4.126213592233002,10.9,0.0,6.0,54.0,0.0,0.0
PatchTST_11KV_KUBERA,2026-05-11 06:57:00,1.26,65.9,66.8,71.9,10.9,10.9,10.9,68.2,5.425219941348978,10.9,0.0,6.0,57.0,0.0,0.0
PatchTST_11KV_KUBERA,2026-05-11 07:00:00,1.26,65.7,67.8,72.0,10.9,10.9,10.9,68.5,5.109489051094891,10.9,0.0,7.0,0.0,0.0,0.0
PatchTST_11KV_KUBERA,2026-05-11 07:03:00,1.26,66.9,65.7,71.8,10.9,10.9,10.9,68.13333333333334,5.381604696673175,10.9,0.0,7.0,3.0,0.0,0.0
PatchTST_11KV_KUBERA,2026-05-11 07:06:00,1.27,68.6,65.8,72.8,10.9,10.8,10.9,69.06666666666666,5.405405405405407,10.866666666666667,0.6134969325153352,7.0,6.0,0.0,0.0
PatchTST_11KV_KUBERA,2026-05-11 07:09:00,1.26,68.3,65.5,71.7,10.9,10.8,10.9,68.5,4.6715328467153325,10.866666666666667,0.6134969325153352,7.0,9.0,0.0,0.0
PatchTST_11KV_KUBERA,2026-05-11 07:12:00,1.28,68.9,68.0,72.3,10.8,10.8,10.8,69.73333333333333,3.680688336520071,10.800000000000002,1.644774851296528e-14,7.0,12.0,0.0,0.0
PatchTST_11KV_KUBERA,2026-05-11 07:15:00,1.28,68.8,67.6,71.8,10.8,10.8,10.8,69.39999999999999,3.4582132564841586,10.800000000000002,1.644774851296528e-14,7.0,15.0,0.0,0.0
PatchTST_11KV_KUBERA,2026-05-11 07:18:00,1.24,67.4,66.1,68.8,10.8,10.8,10.8,67.43333333333334,2.0266930301532278,10.800000000000002,1.644774851296528e-14,7.0,18.0,0.0,0.0
PatchTST_11KV_KUBERA,2026-05-11 07:21:00,1.28,70.6,67.9,69.9,10.8,10.8,10.8,69.46666666666667,2.2552783109404935,10.800000000000002,1.644774851296528e-14,7.0,21.0,0.0,0.0
PatchTST_11KV_KUBERA,2026-05-11 07:24:00,1.24,66.8,66.5,69.0,10.8,10.8,10.8,67.43333333333334,2.323282254078096,10.800000000000002,1.644774851296528e-14,7.0,24.0,0.0,0.0
PatchTST_11KV_KUBERA,2026-05-11 07:27:00,1.24,67.5,66.3,69.4,10.8,10.8,10.8,67.73333333333333,2.4606299212598497,10.800000000000002,1.644774851296528e-14,7.0,27.0,0.0,0.0
PatchTST_11KV_KUBERA,2026-05-11 07:30:00,1.26,69.2,68.3,71.3,10.8,10.7,10.8,69.60000000000001,2.4425287356321674,10.766666666666666,0.6191950464396263,7.0,30.0,0.0,0.0
PatchTST_11KV_KUBERA,2026-05-11 07:33:00,1.25,67.6,66.3,69.9,10.8,10.7,10.8,67.93333333333332,2.8949950932286797,10.766666666666666,0.6191950464396263,7.0,33.0,0.0,0.0
PatchTST_11KV_KUBERA,2026-05-11 07:36:00,1.23,67.4,65.6,71.7,10.7,10.7,10.7,68.23333333333333,5.080605764533466,10.699999999999998,1.660146578878739e-14,7.0,36.0,0.0,0.0
PatchTST_11KV_KUBERA,2026-05-11 07:39:00,1.21,66.4,63.1,68.9,10.8,10.7,10.8,66.13333333333334,4.586693548387104,10.766666666666666,0.6191950464396263,7.0,39.0,0.0,0.0
PatchTST_11KV_KUBERA,2026-05-11 07:42:00,1.17,65.2,61.5,66.4,10.8,10.7,10.8,64.36666666666667,4.453650958052834,10.766666666666666,0.6191950464396263,7.0,42.0,0.0,0.0
PatchTST_11KV_KUBERA,2026-05-11 07:45:00,1.21,64.3,62.4,67.0,10.8,10.7,10.8,64.56666666666666,3.7687145069695465,10.766666666666666,0.6191950464396263,7.0,45.0,0.0,0.0
PatchTST_11KV_KUBERA,2026-05-11 07:48:00,1.22,67.9,65.4,68.9,10.8,10.7,10.8,67.4,2.9673590504451037,10.766666666666666,0.6191950464396263,7.0,48.0,0.0,0.0
PatchTST_11KV_KUBERA,2026-05-11 07:51:00,1.19,68.0,63.4,70.2,10.8,10.7,10.8,67.2,5.654761904761911,10.766666666666666,0.6191950464396263,7.0,51.0,0.0,0.0
PatchTST_11KV_KUBERA,2026-05-11 07:54:00,1.21,67.3,63.6,68.0,10.8,10.8,10.8,66.3,4.072398190045242,10.800000000000002,1.644774851296528e-14,7.0,54.0,0.0,0.0
PatchTST_11KV_KUBERA,2026-05-11 07:57:00,1.21,65.4,64.1,67.0,10.8,10.8,10.8,65.5,2.2900763358778624,10.800000000000002,1.644774851296528e-14,7.0,57.0,0.0,0.0
PatchTST_11KV_KUBERA,2026-05-11 08:00:00,1.2,64.5,64.1,66.7,10.8,10.8,10.8,65.10000000000001,2.4577572964669647,10.800000000000002,1.644774851296528e-14,8.0,0.0,0.0,0.0
PatchTST_11KV_KUBERA,2026-05-11 08:03:00,1.16,65.7,63.9,63.5,10.7,10.7,10.8,64.36666666666666,2.0714655618850486,10.733333333333334,0.621118012422358,8.0,3.0,0.0,0.0
PatchTST_11KV_KUBERA,2026-05-11 08:06:00,1.17,63.0,62.4,62.8,10.7,10.7,10.7,62.73333333333333,0.5313496280552529,10.699999999999998,1.660146578878739e-14,8.0,6.0,0.0,0.0
PatchTST_11KV_KUBERA,2026-05-11 08:09:00,1.19,66.8,63.7,66.0,10.7,10.7,10.7,65.5,2.748091603053431,10.699999999999998,1.660146578878739e-14,8.0,9.0,0.0,0.0
PatchTST_11KV_KUBERA,2026-05-11 08:12:00,1.17,64.5,63.5,63.6,10.7,10.7,10.7,63.86666666666667,0.991649269311064,10.699999999999998,1.660146578878739e-14,8.0,12.0,0.0,0.0
PatchTST_11KV_KUBERA,2026-05-11 08:15:00,1.2,64.7,65.2,66.1,10.7,10.6,10.7,65.33333333333333,1.1734693877551006,10.666666666666666,0.6249999999999978,8.0,15.0,0.0,0.0
PatchTST_11KV_KUBERA,2026-05-11 08:18:00,1.15,63.8,61.2,65.6,10.6,10.6,10.7,63.53333333333333,3.6726128016789015,10.633333333333333,0.6269592476489007,8.0,18.0,0.0,0.0
PatchTST_11KV_KUBERA,2026-05-11 08:21:00,1.21,66.8,65.4,69.8,10.7,10.6,10.7,67.33333333333333,3.6633663366336666,10.666666666666666,0.6249999999999978,8.0,21.0,0.0,0.0
PatchTST_11KV_KUBERA,2026-05-11 08:24:00,1.21,70.5,65.7,70.6,10.7,10.6,10.7,68.93333333333332,4.690522243713715,10.666666666666666,0.6249999999999978,8.0,24.0,0.0,0.0
PatchTST_11KV_KUBERA,2026-05-11 08:27:00,1.23,66.2,62.9,66.8,10.6,10.6,10.6,65.3,3.675344563552831,10.6,0.0,8.0,27.0,0.0,0.0
PatchTST_11KV_KUBERA,2026-05-11 08:30:00,1.21,68.4,64.5,68.1,10.6,10.6,10.6,67.0,3.7313432835820897,10.6,0.0,8.0,30.0,0.0,0.0
PatchTST_11KV_KUBERA,2026-05-11 08:33:00,1.21,67.5,64.4,67.8,10.6,10.5,10.6,66.56666666666666,3.254882323485214,10.566666666666668,0.6309148264984372,8.0,33.0,0.0,0.0
PatchTST_11KV_KUBERA,2026-05-11 08:36:00,1.21,69.7,65.6,69.6,10.6,10.5,10.6,68.3,3.9531478770131816,10.566666666666668,0.6309148264984372,8.0,36.0,0.0,0.0
PatchTST_11KV_KUBERA,2026-05-11 08:39:00,1.22,66.8,64.6,67.6,10.5,10.4,10.5,66.33333333333333,2.6130653266331674,10.466666666666667,0.6369426751592334,8.0,39.0,0.0,0.0
PatchTST_11KV_KUBERA,2026-05-11 08:42:00,1.24,66.4,64.0,66.6,10.9,10.9,10.8,65.66666666666667,2.538071065989855,10.866666666666667,0.6134969325153352,8.0,42.0,0.0,0.0
PatchTST_11KV_KUBERA,2026-05-11 08:45:00,1.26,66.5,65.2,67.6,11.2,11.1,11.2,66.43333333333332,1.856497742097321,11.166666666666666,0.5970149253731323,8.0,45.0,0.0,0.0
PatchTST_11KV_KUBERA,2026-05-11 08:48:00,1.2066666666666668,64.16666666666667,61.266666666666666,65.96666666666667,11.2,11.2,11.2,63.800000000000004,3.9707419017763925,11.199999999999998,1.5860328923216526e-14,8.0,48.0,0.0,0.0
PatchTST_11KV_KUBERA,2026-05-11 08:51:00,1.1533333333333333,61.833333333333336,57.333333333333336,64.33333333333333,11.3,11.3,11.2,61.166666666666664,6.267029972752036,11.266666666666666,0.5917159763313589,8.0,51.0,0.0,0.0
PatchTST_11KV_KUBERA,2026-05-11 08:54:00,1.1,59.5,53.4,62.7,11.3,11.3,11.3,58.53333333333334,8.76993166287017,11.300000000000002,1.5719972030090708e-14,8.0,54.0,0.0,0.0
PatchTST_11KV_KUBERA,2026-05-11 08:57:00,1.21,66.0,58.6,67.1,11.3,11.2,11.3,63.9,8.294209702660403,11.266666666666666,0.5917159763313589,8.0,57.0,0.0,0.0
PatchTST_11KV_KUBERA,2026-05-11 09:00:00,1.21,66.8,58.7,66.5,11.2,11.2,11.2,64.0,8.281249999999996,11.199999999999998,1.5860328923216526e-14,9.0,0.0,0.0,0.0
PatchTST_11KV_KUBERA,2026-05-11 09:03:00,1.23,67.2,58.1,67.5,11.2,11.1,11.2,64.26666666666667,9.595435684647299,11.166666666666666,0.5970149253731323,9.0,3.0,0.0,0.0
PatchTST_11KV_KUBERA,2026-05-11 09:06:00,1.2,67.1,56.9,68.7,11.1,11.0,11.1,64.23333333333333,11.416709911779973,11.066666666666668,0.6024096385542307,9.0,6.0,0.0,0.0
PatchTST_11KV_KUBERA,2026-05-11 09:09:00,1.16,65.0,56.5,69.5,11.0,10.9,11.0,63.666666666666664,11.256544502617798,10.966666666666667,0.6079027355623079,9.0,9.0,0.0,0.0
PatchTST_11KV_KUBERA,2026-05-11 09:12:00,1.13,63.3,54.5,65.3,11.0,11.0,11.0,61.03333333333333,10.70453304205352,11.0,0.0,9.0,12.0,0.0,0.0
PatchTST_11KV_KUBERA,2026-05-11 09:15:00,1.18,64.7,56.8,68.7,11.0,11.0,11.0,63.4,10.410094637223978,11.0,0.0,9.0,15.0,0.0,0.0
PatchTST_11KV_KUBERA,2026-05-11 09:18:00,0.972,55.6,51.3,54.5,11.0,11.0,11.0,53.800000000000004,4.646840148698898,11.0,0.0,9.0,18.0,0.0,0.0
PatchTST_11KV_KUBERA,2026-05-11 09:21:00,0.972,52.0,49.6,54.7,11.0,11.0,11.0,52.1,4.990403071017276,11.0,0.0,9.0,21.0,0.0,0.0
PatchTST_11KV_KUBERA,2026-05-11 09:24:00,0.965,50.2,49.4,52.6,11.1,11.0,11.1,50.73333333333333,3.6793692509855607,11.066666666666668,0.6024096385542307,9.0,24.0,0.0,0.0
PatchTST_11KV_KUBERA,2026-05-11 09:27:00,1.14,62.3,54.3,66.2,11.0,11.0,11.0,60.93333333333334,10.886214442013138,11.0,0.0,9.0,27.0,0.0,0.0
PatchTST_11KV_KUBERA,2026-05-11 09:30:00,1.13,61.7,55.1,65.8,11.0,11.0,11.0,60.866666666666674,9.474260679079965,11.0,0.0,9.0,30.0,0.0,0.0
PatchTST_11KV_KUBERA,2026-05-11 09:33:00,0.945,51.9,48.8,53.7,11.0,10.9,11.0,51.46666666666666,5.181347150259063,10.966666666666667,0.6079027355623079,9.0,33.0,0.0,0.0
PatchTST_11KV_KUBERA,2026-05-11 09:36:00,0.982,53.2,50.3,54.3,10.9,10.9,10.9,52.6,4.3726235741444945,10.9,0.0,9.0,36.0,0.0,0.0
PatchTST_11KV_KUBERA,2026-05-11 09:39:00,1.14,63.7,57.4,66.8,11.0,11.0,11.0,62.633333333333326,8.355508249068643,11.0,0.0,9.0,39.0,0.0,0.0
PatchTST_11KV_KUBERA,2026-05-11 09:42:00,1.17,61.8,56.9,65.7,11.0,11.0,11.0,61.46666666666666,7.429501084598693,11.0,0.0,9.0,42.0,0.0,0.0
PatchTST_11KV_KUBERA,2026-05-11 09:45:00,1.17,64.3,58.7,67.4,11.0,11.0,11.0,63.46666666666667,7.5105042016806705,11.0,0.0,9.0,45.0,0.0,0.0
PatchTST_11KV_KUBERA,2026-05-11 09:48:00,1.02,55.7,54.5,57.2,11.0,10.9,11.0,55.800000000000004,2.5089605734767,10.966666666666667,0.6079027355623079,9.0,48.0,0.0,0.0
PatchTST_11KV_KUBERA,2026-05-11 09:51:00,0.993,63.5,59.6,55.1,10.9,10.8,10.9,59.4,7.239057239057234,10.866666666666667,0.6134969325153352,9.0,51.0,0.0,0.0
PatchTST_11KV_KUBERA,2026-05-11 09:54:00,1.17,64.7,58.4,68.2,10.9,10.8,10.9,63.76666666666667,8.41610036591742,10.866666666666667,0.6134969325153352,9.0,54.0,0.0,0.0
PatchTST_11KV_KUBERA,2026-05-11 09:57:00,1.0,52.8,53.8,55.3,10.9,10.9,10.9,53.96666666666666,2.4706609017912338,10.9,0.0,9.0,57.0,0.0,0.0
PatchTST_11KV_KUBERA,2026-05-11 10:00:00,1.01,53.2,53.2,56.6,10.8,10.7,10.8,54.333333333333336,4.171779141104293,10.766666666666666,0.6191950464396263,10.0,0.0,0.0,0.0
PatchTST_11KV_KUBERA,2026-05-11 10:03:00,0.998,53.1,53.4,57.9,10.8,10.8,10.8,54.800000000000004,5.656934306569332,10.800000000000002,1.644774851296528e-14,10.0,3.0,0.0,0.0
PatchTST_11KV_KUBERA,2026-05-11 10:06:00,0.954,52.6,50.7,53.7,10.7,10.7,10.7,52.333333333333336,3.1210191082802536,10.699999999999998,1.660146578878739e-14,10.0,6.0,0.0,0.0
PatchTST_11KV_KUBERA,2026-05-11 10:09:00,1.23,65.6,65.8,71.3,10.7,10.7,10.7,67.56666666666666,5.52540700542674,10.699999999999998,1.660146578878739e-14,10.0,9.0,0.0,0.0
PatchTST_11KV_KUBERA,2026-05-11 10:12:00,1.23,69.0,66.8,71.2,10.7,10.7,10.7,69.0,3.188405797101453,10.699999999999998,1.660146578878739e-14,10.0,12.0,0.0,0.0
PatchTST_11KV_KUBERA,2026-05-11 10:15:00,1.27,70.0,69.2,73.5,10.7,10.6,10.7,70.89999999999999,3.66713681241186,10.666666666666666,0.6249999999999978,10.0,15.0,0.0,0.0
PatchTST_11KV_KUBERA,2026-05-11 10:18:00,1.29,70.3,68.5,72.1,10.7,10.7,10.7,70.3,2.5604551920341354,10.699999999999998,1.660146578878739e-14,10.0,18.0,0.0,0.0
PatchTST_11KV_KUBERA,2026-05-11 10:21:00,1.32,73.5,72.5,74.8,10.7,10.6,10.7,73.60000000000001,1.63043478260868,10.666666666666666,0.6249999999999978,10.0,21.0,0.0,0.0
PatchTST_11KV_KUBERA,2026-05-11 10:24:00,1.28,71.7,70.4,71.6,10.7,10.7,10.8,71.23333333333333,1.1698642957416874,10.733333333333334,0.621118012422358,10.0,24.0,0.0,0.0
PatchTST_11KV_KUBERA,2026-05-11 10:27:00,1.25,69.8,67.7,70.2,10.8,10.7,10.8,69.23333333333333,2.214732787674528,10.766666666666666,0.6191950464396263,10.0,27.0,0.0,0.0
PatchTST_11KV_KUBERA,2026-05-11 10:30:00,1.3,71.3,69.1,70.6,10.7,10.7,10.7,70.33333333333333,1.7535545023696697,10.699999999999998,1.660146578878739e-14,10.0,30.0,0.0,0.0
PatchTST_11KV_KUBERA,2026-05-11 10:33:00,1.26,69.3,69.2,71.0,10.8,10.7,10.8,69.83333333333333,1.6706443914081215,10.766666666666666,0.6191950464396263,10.0,33.0,0.0,0.0
PatchTST_11KV_KUBERA,2026-05-11 10:36:00,1.28,69.1,71.8,73.5,10.7,10.6,10.7,71.46666666666665,3.311567164179096,10.666666666666666,0.6249999999999978,10.0,36.0,0.0,0.0
PatchTST_11KV_KUBERA,2026-05-11 10:39:00,1.27,68.3,69.8,71.4,10.7,10.7,10.7,69.83333333333333,2.243436754176626,10.699999999999998,1.660146578878739e-14,10.0,39.0,0.0,0.0
PatchTST_11KV_KUBERA,2026-05-11 10:42:00,1.23,67.1,66.8,69.7,10.7,10.6,10.7,67.86666666666666,2.701375245579582,10.666666666666666,0.6249999999999978,10.0,42.0,0.0,0.0
PatchTST_11KV_KUBERA,2026-05-11 10:45:00,1.22,68.2,65.9,69.1,10.7,10.6,10.7,67.73333333333333,2.7066929133858197,10.666666666666666,0.6249999999999978,10.0,45.0,0.0,0.0
PatchTST_11KV_KUBERA,2026-05-11 10:48:00,1.26,69.6,65.9,69.7,10.7,10.7,10.7,68.39999999999999,3.6549707602338977,10.699999999999998,1.660146578878739e-14,10.0,48.0,0.0,0.0
PatchTST_11KV_KUBERA,2026-05-11 10:51:00,1.25,67.8,67.2,69.3,10.7,10.6,10.7,68.10000000000001,1.762114537444917,10.666666666666666,0.6249999999999978,10.0,51.0,0.0,0.0
PatchTST_11KV_KUBERA,2026-05-11 10:54:00,1.26,69.5,68.7,70.8,10.7,10.7,10.7,69.66666666666667,1.6267942583731947,10.699999999999998,1.660146578878739e-14,10.0,54.0,0.0,0.0
PatchTST_11KV_KUBERA,2026-05-11 10:57:00,1.26,67.6,68.4,68.7,10.8,10.7,10.8,68.23333333333333,0.9281875915974694,10.766666666666666,0.6191950464396263,10.0,57.0,0.0,0.0
PatchTST_11KV_KUBERA,2026-05-11 11:00:00,1.26,68.5,68.6,71.7,10.9,10.8,10.8,69.60000000000001,3.0172413793103363,10.833333333333334,0.6153846153846132,11.0,0.0,0.0,0.0
PatchTST_11KV_KUBERA,2026-05-11 11:03:00,1.26,69.5,70.5,73.4,10.8,10.8,10.8,71.13333333333334,3.186504217432051,10.800000000000002,1.644774851296528e-14,11.0,3.0,0.0,0.0
PatchTST_11KV_KUBERA,2026-05-11 11:06:00,1.24,69.0,59.3,63.9,10.9,10.9,10.9,64.06666666666668,7.70031217481788,10.9,0.0,11.0,6.0,0.0,0.0
PatchTST_11KV_KUBERA,2026-05-11 11:09:00,1.22,68.5,64.9,69.2,10.9,10.8,10.9,67.53333333333335,3.899308983218173,10.866666666666667,0.6134969325153352,11.0,9.0,0.0,0.0
PatchTST_11KV_KUBERA,2026-05-11 11:12:00,1.26,69.7,65.7,70.4,10.8,10.8,10.9,68.60000000000001,4.227405247813419,10.833333333333334,0.6153846153846132,11.0,12.0,0.0,0.0
PatchTST_11KV_KUBERA,2026-05-11 11:15:00,1.27,70.7,67.5,71.0,10.9,10.8,10.8,69.73333333333333,3.202676864244743,10.833333333333334,0.6153846153846132,11.0,15.0,0.0,0.0
PatchTST_11KV_KUBERA,2026-05-11 11:18:00,1.27,71.2,69.4,70.5,10.9,10.8,10.8,70.36666666666667,1.373756513500713,10.833333333333334,0.6153846153846132,11.0,18.0,0.0,0.0
PatchTST_11KV_KUBERA,2026-05-11 11:21:00,1.25,69.9,68.0,67.5,10.9,10.8,10.9,68.46666666666667,2.093476144109061,10.866666666666667,0.6134969325153352,11.0,21.0,0.0,0.0
PatchTST_11KV_KUBERA,2026-05-11 11:24:00,1.26,67.7,67.1,66.7,10.8,10.8,10.8,67.16666666666667,0.7940446650124041,10.800000000000002,1.644774851296528e-14,11.0,24.0,0.0,0.0
PatchTST_11KV_KUBERA,2026-05-11 11:27:00,1.25,68.5,67.1,67.6,10.8,10.8,10.8,67.73333333333333,1.1318897637795262,10.800000000000002,1.644774851296528e-14,11.0,27.0,0.0,0.0
PatchTST_11KV_KUBERA,2026-05-11 11:30:00,1.25,70.6,69.4,66.9,10.8,10.7,10.8,68.96666666666667,2.9966167230546104,10.766666666666666,0.6191950464396263,11.0,30.0,0.0,0.0
PatchTST_11KV_KUBERA,2026-05-11 11:33:00,1.25,71.1,69.4,69.0,10.8,10.8,10.9,69.83333333333333,1.8138424821002375,10.833333333333334,0.6153846153846132,11.0,33.0,0.0,0.0
PatchTST_11KV_KUBERA,2026-05-11 11:36:00,1.25,68.3,67.9,69.0,10.9,10.8,10.9,68.39999999999999,0.877192982456153,10.866666666666667,0.6134969325153352,11.0,36.0,0.0,0.0
PatchTST_11KV_KUBERA,2026-05-11 11:39:00,1.27,71.8,69.5,67.8,10.8,10.8,10.8,69.7,3.012912482065989,10.800000000000002,1.644774851296528e-14,11.0,39.0,0.0,0.0
PatchTST_11KV_KUBERA,2026-05-11 11:42:00,1.25,69.4,68.8,67.4,10.9,10.8,10.9,68.53333333333333,1.6536964980544637,10.866666666666667,0.6134969325153352,11.0,42.0,0.0,0.0
PatchTST_11KV_KUBERA,2026-05-11 11:45:00,1.26,69.1,67.5,68.3,10.8,10.8,10.8,68.3,1.1713030746705668,10.800000000000002,1.644774851296528e-14,11.0,45.0,0.0,0.0
PatchTST_11KV_KUBERA,2026-05-11 11:48:00,1.28,70.8,71.3,69.4,10.9,10.9,10.9,70.5,1.5602836879432544,10.9,0.0,11.0,48.0,0.0,0.0
PatchTST_11KV_KUBERA,2026-05-11 11:51:00,1.25,68.3,70.1,66.6,10.9,10.9,10.9,68.33333333333333,2.5853658536585353,10.9,0.0,11.0,51.0,0.0,0.0
PatchTST_11KV_KUBERA,2026-05-11 11:54:00,1.26,68.1,70.9,66.5,10.9,10.9,10.9,68.5,3.5036496350365045,10.9,0.0,11.0,54.0,0.0,0.0
PatchTST_11KV_KUBERA,2026-05-11 11:57:00,1.26,68.0,68.9,67.6,10.9,10.9,10.9,68.16666666666667,1.0757946210268963,10.9,0.0,11.0,57.0,0.0,0.0
PatchTST_11KV_KUBERA,2026-05-11 12:00:00,1.27,66.7,69.2,69.9,11.0,10.9,11.0,68.60000000000001,2.769679300291553,10.966666666666667,0.6079027355623079,12.0,0.0,0.0,0.0
PatchTST_11KV_KUBERA,2026-05-11 12:03:00,1.29,69.2,69.1,69.1,11.0,11.0,11.0,69.13333333333334,0.09643201542911697,11.0,0.0,12.0,3.0,0.0,0.0
PatchTST_11KV_KUBERA,2026-05-11 12:06:00,1.29,67.1,68.4,68.0,11.0,11.0,11.0,67.83333333333333,1.0810810810810825,11.0,0.0,12.0,6.0,0.0,0.0
PatchTST_11KV_KUBERA,2026-05-11 12:09:00,1.28,70.3,68.8,70.1,11.0,10.9,11.0,69.73333333333333,1.3384321223709423,10.966666666666667,0.6079027355623079,12.0,9.0,0.0,0.0
PatchTST_11KV_KUBERA,2026-05-11 12:12:00,1.24,70.3,69.9,69.4,11.0,10.9,11.0,69.86666666666666,0.6679389312976923,10.966666666666667,0.6079027355623079,12.0,12.0,0.0,0.0
PatchTST_11KV_KUBERA,2026-05-11 12:15:00,1.24,69.8,66.5,67.3,11.0,11.0,11.0,67.86666666666667,2.8487229862475285,11.0,0.0,12.0,15.0,0.0,0.0
PatchTST_11KV_KUBERA,2026-05-11 12:18:00,1.23,69.9,68.3,67.5,11.0,10.9,11.0,68.56666666666666,1.9445794846864506,10.966666666666667,0.6079027355623079,12.0,18.0,0.0,0.0
PatchTST_11KV_KUBERA,2026-05-11 12:21:00,1.26,69.0,68.0,70.1,11.0,10.9,11.0,69.03333333333333,1.5451472718493426,10.966666666666667,0.6079027355623079,12.0,21.0,0.0,0.0
PatchTST_11KV_KUBERA,2026-05-11 12:24:00,1.21,66.6,63.1,65.3,11.0,11.0,11.0,65.0,2.9230769230769207,11.0,0.0,12.0,24.0,0.0,0.0
PatchTST_11KV_KUBERA,2026-05-11 12:27:00,1.28,69.7,66.6,69.3,11.0,10.9,11.0,68.53333333333335,2.821011673151777,10.966666666666667,0.6079027355623079,12.0,27.0,0.0,0.0
PatchTST_11KV_KUBERA,2026-05-11 12:30:00,1.24,67.6,64.3,65.9,11.0,11.0,11.1,65.93333333333332,2.527805864509613,11.033333333333333,0.6042296072507531,12.0,30.0,0.0,0.0
PatchTST_11KV_KUBERA,2026-05-11 12:33:00,1.19,67.8,63.2,65.6,11.0,10.9,11.0,65.53333333333333,3.5605289928789348,10.966666666666667,0.6079027355623079,12.0,33.0,0.0,0.0
PatchTST_11KV_KUBERA,2026-05-11 12:36:00,1.21,67.0,64.6,66.2,10.9,10.9,10.9,65.93333333333334,2.022244691607699,10.9,0.0,12.0,36.0,0.0,0.0
PatchTST_11KV_KUBERA,2026-05-11 12:39:00,1.2,67.7,65.6,63.7,10.9,10.9,11.0,65.66666666666667,3.0964467005076113,10.933333333333332,0.6097560975609898,12.0,39.0,0.0,0.0
PatchTST_11KV_KUBERA,2026-05-11 12:42:00,1.2,66.4,64.2,64.7,10.9,10.9,10.9,65.10000000000001,1.9969278033794116,10.9,0.0,12.0,42.0,0.0,0.0
PatchTST_11KV_KUBERA,2026-05-11 12:45:00,1.2,65.8,63.8,65.4,11.0,11.0,11.0,65.0,1.8461538461538505,11.0,0.0,12.0,45.0,0.0,0.0
PatchTST_11KV_KUBERA,2026-05-11 12:48:00,1.24,69.7,68.0,67.9,11.0,10.9,11.0,68.53333333333333,1.7023346303502016,10.966666666666667,0.6079027355623079,12.0,48.0,0.0,0.0
PatchTST_11KV_KUBERA,2026-05-11 12:51:00,1.22,66.4,68.1,66.3,10.9,10.9,11.0,66.93333333333334,1.743027888446201,10.933333333333332,0.6097560975609898,12.0,51.0,0.0,0.0
PatchTST_11KV_KUBERA,2026-05-11 12:54:00,1.21,64.9,66.1,67.1,10.9,10.9,10.9,66.03333333333333,1.7163048965168992,10.9,0.0,12.0,54.0,0.0,0.0
PatchTST_11KV_KUBERA,2026-05-11 12:57:00,1.27,68.6,67.0,68.0,11.0,10.9,11.0,67.86666666666666,1.277013752455786,10.966666666666667,0.6079027355623079,12.0,57.0,0.0,0.0
PatchTST_11KV_KUBERA,2026-05-11 13:00:00,1.25,67.2,64.9,65.3,11.1,11.0,11.1,65.80000000000001,2.1276595744680717,11.066666666666668,0.6024096385542307,13.0,0.0,0.0,0.0
PatchTST_11KV_KUBERA,2026-05-11 13:03:00,1.21,66.2,65.3,66.0,11.1,11.1,11.1,65.83333333333333,0.8101265822784782,11.1,0.0,13.0,3.0,0.0,0.0
PatchTST_11KV_KUBERA,2026-05-11 13:06:00,1.25,67.2,66.2,66.8,11.1,11.1,11.2,66.73333333333333,0.7992007992007963,11.133333333333333,0.5988023952095788,13.0,6.0,0.0,0.0
PatchTST_11KV_KUBERA,2026-05-11 13:09:00,1.25,66.5,65.6,66.8,11.1,11.1,11.1,66.3,1.0558069381598836,11.1,0.0,13.0,9.0,0.0,0.0
PatchTST_11KV_KUBERA,2026-05-11 13:12:00,1.23,66.7,65.7,66.1,11.1,11.1,11.1,66.16666666666667,0.8060453400503749,11.1,0.0,13.0,12.0,0.0,0.0
PatchTST_11KV_KUBERA,2026-05-11 13:15:00,1.23,65.6,65.6,65.6,11.1,11.1,11.1,65.6,0.0,11.1,0.0,13.0,15.0,0.0,0.0
PatchTST_11KV_KUBERA,2026-05-11 13:18:00,1.26,66.0,65.4,67.1,11.1,11.0,11.1,66.16666666666667,1.4105793450881454,11.066666666666668,0.6024096385542307,13.0,18.0,0.0,0.0
PatchTST_11KV_KUBERA,2026-05-11 13:21:00,1.24,66.1,66.0,67.7,11.1,11.1,11.1,66.60000000000001,1.6516516516516428,11.1,0.0,13.0,21.0,0.0,0.0
PatchTST_11KV_KUBERA,2026-05-11 13:24:00,1.23,65.1,66.7,67.3,11.1,11.0,11.1,66.36666666666667,1.9085886489201604,11.066666666666668,0.6024096385542307,13.0,24.0,0.0,0.0
PatchTST_11KV_KUBERA,2026-05-11 13:27:00,1.21,64.4,65.6,65.6,11.1,11.1,11.1,65.2,1.2269938650306704,11.1,0.0,13.0,27.0,0.0,0.0
PatchTST_11KV_KUBERA,2026-05-11 13:30:00,1.21,65.0,66.1,65.5,11.1,11.1,11.1,65.53333333333333,0.8646998982705945,11.1,0.0,13.0,30.0,0.0,0.0
PatchTST_11KV_KUBERA,2026-05-11 13:33:00,1.23,66.3,66.3,65.3,11.1,11.1,11.1,65.96666666666665,1.0106114199090308,11.1,0.0,13.0,33.0,0.0,0.0
PatchTST_11KV_KUBERA,2026-05-11 13:36:00,1.22,64.4,64.7,67.8,11.1,11.0,11.1,65.63333333333334,3.3011681056373647,11.066666666666668,0.6024096385542307,13.0,36.0,0.0,0.0
PatchTST_11KV_KUBERA,2026-05-11 13:39:00,1.22,64.5,64.4,66.7,11.0,11.0,11.0,65.2,2.3006134969325154,11.0,0.0,13.0,39.0,0.0,0.0
PatchTST_11KV_KUBERA,2026-05-11 13:42:00,1.19,65.5,65.4,64.4,11.0,10.9,11.0,65.10000000000001,1.0752688172043052,10.966666666666667,0.6079027355623079,13.0,42.0,0.0,0.0
PatchTST_11KV_KUBERA,2026-05-11 13:45:00,1.27,65.4,66.2,67.2,11.0,10.9,11.0,66.26666666666667,1.4084507042253578,10.966666666666667,0.6079027355623079,13.0,45.0,0.0,0.0
PatchTST_11KV_KUBERA,2026-05-11 13:48:00,1.25,67.7,66.9,68.1,11.0,11.0,11.0,67.56666666666668,0.9866798223976389,11.0,0.0,13.0,48.0,0.0,0.0
PatchTST_11KV_KUBERA,2026-05-11 13:51:00,1.23,65.5,66.3,65.7,11.0,11.0,11.0,65.83333333333333,0.7088607594936738,11.0,0.0,13.0,51.0,0.0,0.0
PatchTST_11KV_KUBERA,2026-05-11 13:54:00,1.25,66.0,68.1,67.4,11.0,11.0,11.0,67.16666666666667,1.736972704714647,11.0,0.0,13.0,54.0,0.0,0.0
PatchTST_11KV_KUBERA,2026-05-11 13:57:00,1.25,65.1,68.2,67.3,11.0,10.9,11.0,66.86666666666667,2.6420737786640274,10.966666666666667,0.6079027355623079,13.0,57.0,0.0,0.0
PatchTST_11KV_KUBERA,2026-05-11 14:00:00,1.31,69.8,70.0,69.0,10.9,10.8,10.9,69.60000000000001,0.8620689655172535,10.866666666666667,0.6134969325153352,14.0,0.0,0.0,0.0
PatchTST_11KV_KUBERA,2026-05-11 14:03:00,1.27,68.2,69.9,68.3,11.0,10.9,10.9,68.80000000000001,1.598837209302317,10.933333333333332,0.6097560975609898,14.0,3.0,0.0,0.0
PatchTST_11KV_KUBERA,2026-05-11 14:06:00,1.25,68.6,69.2,67.3,10.9,10.9,10.9,68.36666666666667,1.560214529497821,10.9,0.0,14.0,6.0,0.0,0.0
PatchTST_11KV_KUBERA,2026-05-11 14:09:00,1.26,69.0,67.7,66.1,10.9,10.9,10.9,67.6,2.2189349112426036,10.9,0.0,14.0,9.0,0.0,0.0
PatchTST_11KV_KUBERA,2026-05-11 14:12:00,1.26,68.4,69.2,67.1,10.8,10.8,10.9,68.23333333333333,1.6609672691744113,10.833333333333334,0.6153846153846132,14.0,12.0,0.0,0.0
PatchTST_11KV_KUBERA,2026-05-11 14:15:00,1.25,68.3,68.8,68.4,10.8,10.8,10.8,68.5,0.4379562043795579,10.800000000000002,1.644774851296528e-14,14.0,15.0,0.0,0.0
PatchTST_11KV_KUBERA,2026-05-11 14:18:00,1.25,67.0,69.0,67.3,10.8,10.8,10.8,67.76666666666667,1.8199704869650777,10.800000000000002,1.644774851296528e-14,14.0,18.0,0.0,0.0
PatchTST_11KV_KUBERA,2026-05-11 14:21:00,1.3,70.6,71.3,71.9,10.8,10.8,10.8,71.26666666666667,0.9354536950421021,10.800000000000002,1.644774851296528e-14,14.0,21.0,0.0,0.0
PatchTST_11KV_KUBERA,2026-05-11 14:24:00,1.33,70.5,73.6,73.3,10.7,10.6,10.7,72.46666666666665,2.71389144434221,10.666666666666666,0.6249999999999978,14.0,24.0,0.0,0.0
PatchTST_11KV_KUBERA,2026-05-11 14:27:00,1.31,71.6,73.0,73.2,10.7,10.7,10.7,72.60000000000001,1.3774104683195787,10.699999999999998,1.660146578878739e-14,14.0,27.0,0.0,0.0
PatchTST_11KV_KUBERA,2026-05-11 14:30:00,1.28,70.3,71.1,71.8,10.6,10.6,10.7,71.06666666666666,1.0787992495309555,10.633333333333333,0.6269592476489007,14.0,30.0,0.0,0.0
PatchTST_11KV_KUBERA,2026-05-11 14:33:00,1.26,70.6,71.3,70.7,10.7,10.7,10.7,70.86666666666666,0.611476952022583,10.699999999999998,1.660146578878739e-14,14.0,33.0,0.0,0.0
PatchTST_11KV_KUBERA,2026-05-11 14:36:00,1.27,70.2,72.2,70.5,10.6,10.6,10.6,70.96666666666667,1.7379051197745434,10.6,0.0,14.0,36.0,0.0,0.0
PatchTST_11KV_KUBERA,2026-05-11 14:39:00,1.26,69.5,70.8,70.1,10.6,10.6,10.6,70.13333333333334,0.9505703422053096,10.6,0.0,14.0,39.0,0.0,0.0
PatchTST_11KV_KUBERA,2026-05-11 14:42:00,1.26,70.3,69.8,70.0,10.5,10.5,10.5,70.03333333333333,0.3807710613993323,10.5,0.0,14.0,42.0,0.0,0.0
PatchTST_11KV_KUBERA,2026-05-11 14:45:00,1.28,70.6,71.1,71.0,10.5,10.5,10.6,70.89999999999999,0.42313117066290157,10.533333333333333,0.632911392405061,14.0,45.0,0.0,0.0
PatchTST_11KV_KUBERA,2026-05-11 14:48:00,1.27,69.9,69.6,69.9,10.6,10.6,10.6,69.8,0.28653295128940237,10.6,0.0,14.0,48.0,0.0,0.0
PatchTST_11KV_KUBERA,2026-05-11 14:51:00,1.27,69.9,68.0,70.1,10.6,10.6,10.6,69.33333333333333,1.9230769230769165,10.6,0.0,14.0,51.0,0.0,0.0
PatchTST_11KV_KUBERA,2026-05-11 14:54:00,1.29,72.1,71.1,72.4,10.6,10.6,10.7,71.86666666666666,1.066790352504637,10.633333333333333,0.6269592476489007,14.0,54.0,0.0,0.0
PatchTST_11KV_KUBERA,2026-05-11 14:57:00,1.27,70.9,71.3,71.4,10.6,10.6,10.6,71.2,0.42134831460673755,10.6,0.0,14.0,57.0,0.0,0.0
PatchTST_11KV_KUBERA,2026-05-11 15:00:00,1.27,70.9,70.0,69.3,10.6,10.6,10.7,70.06666666666666,1.18934348239773,10.633333333333333,0.6269592476489007,15.0,0.0,0.0,0.0
PatchTST_11KV_KUBERA,2026-05-11 15:03:00,1.33,73.1,73.4,73.7,10.7,10.7,10.7,73.39999999999999,0.40871934604906185,10.699999999999998,1.660146578878739e-14,15.0,3.0,0.0,0.0
PatchTST_11KV_KUBERA,2026-05-11 15:06:00,1.28,70.1,71.3,71.6,10.7,10.6,10.7,70.99999999999999,1.2676056338028052,10.666666666666666,0.6249999999999978,15.0,6.0,0.0,0.0
PatchTST_11KV_KUBERA,2026-05-11 15:09:00,1.27,69.7,70.0,70.2,10.7,10.6,10.7,69.96666666666665,0.38113387327296555,10.666666666666666,0.6249999999999978,15.0,9.0,0.0,0.0
PatchTST_11KV_KUBERA,2026-05-11 15:12:00,1.39,71.6,74.5,74.2,10.7,10.6,10.7,73.43333333333334,2.4965955515206666,10.666666666666666,0.6249999999999978,15.0,12.0,0.0,0.0
PatchTST_11KV_KUBERA,2026-05-11 15:15:00,1.32,70.7,73.0,72.0,10.6,10.6,10.7,71.89999999999999,1.6689847009735588,10.633333333333333,0.6269592476489007,15.0,15.0,0.0,0.0
PatchTST_11KV_KUBERA,2026-05-11 15:18:00,1.34,72.3,73.7,73.1,10.7,10.6,10.7,73.03333333333333,1.0041077133728904,10.666666666666666,0.6249999999999978,15.0,18.0,0.0,0.0
PatchTST_11KV_KUBERA,2026-05-11 15:21:00,1.42,74.3,75.9,75.4,10.8,10.7,10.8,75.2,1.1968085106383053,10.766666666666666,0.6191950464396263,15.0,21.0,0.0,0.0
PatchTST_11KV_KUBERA,2026-05-11 15:24:00,1.44,77.3,79.1,77.4,10.8,10.7,10.8,77.93333333333332,1.4970059880239583,10.766666666666666,0.6191950464396263,15.0,24.0,0.0,0.0
PatchTST_11KV_KUBERA,2026-05-11 15:27:00,1.38,75.1,74.9,74.1,10.8,10.8,10.9,74.7,0.8032128514056339,10.833333333333334,0.6153846153846132,15.0,27.0,0.0,0.0
PatchTST_11KV_KUBERA,2026-05-11 15:30:00,1.38,73.4,73.8,74.9,10.9,10.8,10.9,74.03333333333333,1.1706438541197761,10.866666666666667,0.6134969325153352,15.0,30.0,0.0,0.0
PatchTST_11KV_KUBERA,2026-05-11 15:33:00,1.36,76.0,76.2,76.3,10.8,10.8,10.9,76.16666666666667,0.2188183807439887,10.833333333333334,0.6153846153846132,15.0,33.0,0.0,0.0
PatchTST_11KV_KUBERA,2026-05-11 15:36:00,1.36,74.2,75.7,76.1,10.7,10.8,10.8,75.33333333333333,1.504424778761052,10.766666666666666,0.6191950464396263,15.0,36.0,0.0,0.0
PatchTST_11KV_KUBERA,2026-05-11 15:39:00,1.36,74.7,75.0,75.4,10.8,10.7,10.8,75.03333333333333,0.48867170146602523,10.766666666666666,0.6191950464396263,15.0,39.0,0.0,0.0
PatchTST_11KV_KUBERA,2026-05-11 15:42:00,1.38,77.0,75.1,76.6,10.8,10.7,10.7,76.23333333333333,1.4866637516397114,10.733333333333334,0.621118012422358,15.0,42.0,0.0,0.0
PatchTST_11KV_KUBERA,2026-05-11 15:45:00,1.42,75.9,77.3,77.5,10.7,10.6,10.7,76.89999999999999,1.3003901170350922,10.666666666666666,0.6249999999999978,15.0,45.0,0.0,0.0
PatchTST_11KV_KUBERA,2026-05-11 15:48:00,1.41,78.2,77.4,79.4,10.7,10.7,10.7,78.33333333333334,1.3617021276595696,10.699999999999998,1.660146578878739e-14,15.0,48.0,0.0,0.0
PatchTST_11KV_KUBERA,2026-05-11 15:51:00,1.43,78.7,78.1,79.8,10.7,10.6,10.7,78.86666666666667,1.1834319526627086,10.666666666666666,0.6249999999999978,15.0,51.0,0.0,0.0
PatchTST_11KV_KUBERA,2026-05-11 15:54:00,1.41,76.7,76.7,78.5,10.7,10.6,10.7,77.3,1.5523932729624876,10.666666666666666,0.6249999999999978,15.0,54.0,0.0,0.0
PatchTST_11KV_KUBERA,2026-05-11 15:57:00,1.37,75.4,75.6,77.0,10.7,10.6,10.7,76.0,1.3157894736842106,10.666666666666666,0.6249999999999978,15.0,57.0,0.0,0.0
PatchTST_11KV_KUBERA,2026-05-11 16:00:00,1.37,76.5,74.9,76.2,10.6,10.6,10.7,75.86666666666667,1.2741652021089656,10.633333333333333,0.6269592476489007,16.0,0.0,0.0,0.0
PatchTST_11KV_KUBERA,2026-05-11 16:03:00,1.39,75.3,76.2,76.4,10.8,10.7,10.8,75.96666666666667,0.8775778850373033,10.766666666666666,0.6191950464396263,16.0,3.0,0.0,0.0
PatchTST_11KV_KUBERA,2026-05-11 16:06:00,1.39,75.2,75.8,77.5,10.8,10.7,10.8,76.16666666666667,1.7505470459518537,10.766666666666666,0.6191950464396263,16.0,6.0,0.0,0.0
PatchTST_11KV_KUBERA,2026-05-11 16:09:00,1.39,75.1,74.6,77.1,10.7,10.7,10.8,75.6,1.9841269841269842,10.733333333333334,0.621118012422358,16.0,9.0,0.0,0.0
PatchTST_11KV_KUBERA,2026-05-11 16:12:00,1.36,73.9,71.8,74.6,10.7,10.7,10.8,73.43333333333332,2.224239673172936,10.733333333333334,0.621118012422358,16.0,12.0,0.0,0.0
PatchTST_11KV_KUBERA,2026-05-11 16:15:00,1.36,73.0,71.7,76.3,10.7,10.7,10.8,73.66666666666667,3.5746606334841524,10.733333333333334,0.621118012422358,16.0,15.0,0.0,0.0
PatchTST_11KV_KUBERA,2026-05-11 16:18:00,1.36,75.7,73.5,75.8,10.7,10.7,10.7,75.0,2.0,10.699999999999998,1.660146578878739e-14,16.0,18.0,0.0,0.0
PatchTST_11KV_KUBERA,2026-05-11 16:21:00,1.4,74.9,72.5,73.2,10.7,10.7,10.7,73.53333333333335,1.8585675430643607,10.699999999999998,1.660146578878739e-14,16.0,21.0,0.0,0.0
PatchTST_11KV_KUBERA,2026-05-11 16:24:00,1.35,75.0,72.8,73.5,10.7,10.6,10.7,73.76666666666667,1.671938544961592,10.666666666666666,0.6249999999999978,16.0,24.0,0.0,0.0
PatchTST_11KV_KUBERA,2026-05-11 16:27:00,1.36,74.4,73.7,74.9,10.7,10.6,10.7,74.33333333333334,0.8520179372197397,10.666666666666666,0.6249999999999978,16.0,27.0,0.0,0.0
PatchTST_11KV_KUBERA,2026-05-11 16:30:00,1.35,75.6,73.9,75.2,10.7,10.6,10.7,74.89999999999999,1.335113484646176,10.666666666666666,0.6249999999999978,16.0,30.0,0.0,0.0
PatchTST_11KV_KUBERA,2026-05-11 16:33:00,1.36,76.6,74.4,73.5,10.8,10.7,10.8,74.83333333333333,2.3608017817371927,10.766666666666666,0.6191950464396263,16.0,33.0,0.0,0.0
PatchTST_11KV_KUBERA,2026-05-11 16:36:00,1.35,76.2,73.8,72.9,10.7,10.7,10.8,74.3,2.557200538358016,10.733333333333334,0.621118012422358,16.0,36.0,0.0,0.0
PatchTST_11KV_KUBERA,2026-05-11 16:39:00,1.43,79.6,75.3,74.8,10.7,10.7,10.8,76.56666666666666,3.9616891597736155,10.733333333333334,0.621118012422358,16.0,39.0,0.0,0.0
PatchTST_11KV_KUBERA,2026-05-11 16:42:00,1.42,80.9,76.7,76.4,10.7,10.7,10.8,78.00000000000001,3.7179487179487065,10.733333333333334,0.621118012422358,16.0,42.0,0.0,0.0
PatchTST_11KV_KUBERA,2026-05-11 16:45:00,1.43,80.9,78.4,76.9,10.7,10.7,10.8,78.73333333333333,2.751905165114316,10.733333333333334,0.621118012422358,16.0,45.0,0.0,0.0
PatchTST_11KV_KUBERA,2026-05-11 16:48:00,1.43,78.1,77.7,76.9,10.8,10.8,10.8,77.56666666666668,0.8594757198109213,10.800000000000002,1.644774851296528e-14,16.0,48.0,0.0,0.0
PatchTST_11KV_KUBERA,2026-05-11 16:51:00,1.41,76.5,74.7,76.3,10.8,10.7,10.8,75.83333333333333,1.4945054945054845,10.766666666666666,0.6191950464396263,16.0,51.0,0.0,0.0
PatchTST_11KV_KUBERA,2026-05-11 16:54:00,1.42,77.8,76.1,76.4,10.8,10.7,10.8,76.76666666666667,1.346070343030827,10.766666666666666,0.6191950464396263,16.0,54.0,0.0,0.0
PatchTST_11KV_KUBERA,2026-05-11 16:57:00,1.38,78.4,75.3,74.2,10.8,10.8,10.8,75.96666666666665,3.2031592803861586,10.800000000000002,1.644774851296528e-14,16.0,57.0,0.0,0.0
PatchTST_11KV_KUBERA,2026-05-11 17:00:00,1.36,76.5,75.0,73.2,10.8,10.8,10.8,74.89999999999999,2.2696929238985164,10.800000000000002,1.644774851296528e-14,17.0,0.0,0.0,0.0
PatchTST_11KV_KUBERA,2026-05-11 17:03:00,1.39,77.0,74.0,74.3,11.1,11.0,11.0,75.10000000000001,2.529960053262305,11.033333333333333,0.6042296072507531,17.0,3.0,0.0,0.0
PatchTST_11KV_KUBERA,2026-05-11 17:06:00,1.43,77.2,75.5,75.5,11.0,11.0,11.0,76.06666666666666,1.489921121822971,11.0,0.0,17.0,6.0,0.0,0.0
PatchTST_11KV_KUBERA,2026-05-11 17:09:00,1.43,78.0,75.5,78.0,11.0,11.0,11.0,77.16666666666667,2.1598272138229,11.0,0.0,17.0,9.0,0.0,0.0
PatchTST_11KV_KUBERA,2026-05-11 17:12:00,1.46,77.2,77.0,76.9,11.0,11.0,11.1,77.03333333333333,0.21635655560364095,11.033333333333333,0.6042296072507531,17.0,12.0,0.0,0.0
PatchTST_11KV_KUBERA,2026-05-11 17:15:00,1.44,78.5,76.9,77.1,11.0,11.0,11.0,77.5,1.2903225806451613,11.0,0.0,17.0,15.0,0.0,0.0
PatchTST_11KV_KUBERA,2026-05-11 17:18:00,1.46,81.0,78.9,80.0,11.0,11.0,11.0,79.96666666666667,1.3338891204668564,11.0,0.0,17.0,18.0,0.0,0.0
PatchTST_11KV_KUBERA,2026-05-11 17:21:00,1.42,78.5,75.5,76.1,11.1,11.0,11.1,76.7,2.346805736636241,11.066666666666668,0.6024096385542307,17.0,21.0,0.0,0.0
PatchTST_11KV_KUBERA,2026-05-11 17:24:00,1.43,78.9,75.8,77.3,11.1,11.1,11.1,77.33333333333333,2.0258620689655307,11.1,0.0,17.0,24.0,0.0,0.0
PatchTST_11KV_KUBERA,2026-05-11 17:27:00,1.44,78.5,75.3,75.4,11.1,11.1,11.1,76.4,2.748691099476432,11.1,0.0,17.0,27.0,0.0,0.0
PatchTST_11KV_KUBERA,2026-05-11 17:30:00,1.39,76.8,73.1,74.0,11.1,11.0,11.1,74.63333333333333,2.9030817329164873,11.066666666666668,0.6024096385542307,17.0,30.0,0.0,0.0
PatchTST_11KV_KUBERA,2026-05-11 17:33:00,1.37,74.7,72.0,73.9,11.1,11.1,11.1,73.53333333333333,2.0852221214868516,11.1,0.0,17.0,33.0,0.0,0.0
PatchTST_11KV_KUBERA,2026-05-11 17:36:00,1.38,75.5,71.5,73.3,11.1,11.1,11.2,73.43333333333334,2.8143440762596406,11.133333333333333,0.5988023952095788,17.0,36.0,0.0,0.0
PatchTST_11KV_KUBERA,2026-05-11 17:39:00,1.4,76.4,73.0,74.8,11.1,11.1,11.1,74.73333333333333,2.319357716324711,11.1,0.0,17.0,39.0,0.0,0.0
PatchTST_11KV_KUBERA,2026-05-11 17:42:00,1.44,76.9,74.4,77.0,11.1,11.1,11.1,76.10000000000001,2.233902759526942,11.1,0.0,17.0,42.0,0.0,0.0
PatchTST_11KV_KUBERA,2026-05-11 17:45:00,1.42,75.9,73.7,77.5,11.0,11.0,11.0,75.7,2.642007926023778,11.0,0.0,17.0,45.0,0.0,0.0
PatchTST_11KV_KUBERA,2026-05-11 17:48:00,1.39,77.2,75.3,77.2,11.0,11.0,11.0,76.56666666666666,1.6543317370483228,11.0,0.0,17.0,48.0,0.0,0.0
PatchTST_11KV_KUBERA,2026-05-11 17:51:00,1.45,77.9,75.9,77.9,11.0,11.0,11.0,77.23333333333333,1.7263703064307232,11.0,0.0,17.0,51.0,0.0,0.0
PatchTST_11KV_KUBERA,2026-05-11 17:54:00,1.4,76.9,75.4,76.6,11.0,10.9,11.0,76.3,1.1795543905635537,10.966666666666667,0.6079027355623079,17.0,54.0,0.0,0.0
PatchTST_11KV_KUBERA,2026-05-11 17:57:00,1.41,76.8,74.8,74.2,11.1,11.0,11.0,75.26666666666667,2.0372010628875086,11.033333333333333,0.6042296072507531,17.0,57.0,0.0,0.0
PatchTST_11KV_KUBERA,2026-05-11 18:00:00,1.4,76.8,72.5,75.3,11.1,11.1,11.1,74.86666666666667,3.161175422974186,11.1,0.0,18.0,0.0,0.0,0.0
PatchTST_11KV_KUBERA,2026-05-11 18:03:00,1.45,79.4,76.8,76.9,11.3,11.3,11.3,77.7,2.1879021879021914,11.300000000000002,1.5719972030090708e-14,18.0,3.0,0.0,0.0
PatchTST_11KV_KUBERA,2026-05-11 18:06:00,1.44,77.4,74.8,76.6,11.3,11.3,11.3,76.26666666666667,1.9230769230769256,11.300000000000002,1.5719972030090708e-14,18.0,6.0,0.0,0.0
PatchTST_11KV_KUBERA,2026-05-11 18:09:00,1.3766666666666667,74.10000000000001,71.8,72.3,11.25,11.25,11.25,72.73333333333333,1.879010082493136,11.25,0.0,18.0,9.0,0.0,0.0
PatchTST_11KV_KUBERA,2026-05-11 18:12:00,1.3133333333333332,70.8,68.8,68.0,11.2,11.2,11.2,69.2,2.312138728323691,11.199999999999998,1.5860328923216526e-14,18.0,12.0,0.0,0.0
PatchTST_11KV_KUBERA,2026-05-11 18:15:00,1.25,67.5,65.8,63.7,11.2,11.2,11.2,65.66666666666667,2.994923857868023,11.199999999999998,1.5860328923216526e-14,18.0,15.0,0.0,0.0
PatchTST_11KV_KUBERA,2026-05-11 18:18:00,1.38,72.3,73.9,69.8,11.2,11.1,11.2,72.0,3.0555555555555594,11.166666666666666,0.5970149253731323,18.0,18.0,0.0,0.0
PatchTST_11KV_KUBERA,2026-05-11 18:21:00,1.47,78.5,75.4,75.1,11.2,11.1,11.2,76.33333333333333,2.8384279475982597,11.166666666666666,0.5970149253731323,18.0,21.0,0.0,0.0
PatchTST_11KV_KUBERA,2026-05-11 18:24:00,1.44,77.775,78.3,77.6,11.3,11.25,11.2,77.89166666666667,0.5242323740237486,11.25,0.44444444444445075,18.0,24.0,0.0,0.0
PatchTST_11KV_KUBERA,2026-05-11 18:27:00,1.4100000000000001,77.05,76.6,76.46666666666667,11.4,11.4,11.4,76.70555555555555,0.44904758455856264,11.4,0.0,18.0,27.0,0.0,0.0
PatchTST_11KV_KUBERA,2026-05-11 18:30:00,1.3800000000000001,76.32499999999999,74.9,75.33333333333333,11.3,11.3,11.3,75.51944444444445,1.0666862838856639,11.300000000000002,1.5719972030090708e-14,18.0,30.0,0.0,0.0
PatchTST_11KV_KUBERA,2026-05-11 18:33:00,1.35,75.6,73.2,74.2,11.3,11.2,11.3,74.33333333333333,1.7040358744394608,11.266666666666666,0.5917159763313589,18.0,33.0,0.0,0.0
PatchTST_11KV_KUBERA,2026-05-11 18:36:00,1.48,79.9,78.6,78.2,11.3,11.2,11.3,78.89999999999999,1.267427122940449,11.266666666666666,0.5917159763313589,18.0,36.0,0.0,0.0
PatchTST_11KV_KUBERA,2026-05-11 18:39:00,1.5,81.8,79.8,83.6,11.2,11.2,11.3,81.73333333333333,2.365415986949434,11.233333333333334,0.5934718100890186,18.0,39.0,0.0,0.0
PatchTST_11KV_KUBERA,2026-05-11 18:42:00,1.53,83.1,80.8,81.4,11.2,11.2,11.2,81.76666666666667,1.6306563391765128,11.199999999999998,1.5860328923216526e-14,18.0,42.0,0.0,0.0
PatchTST_11KV_KUBERA,2026-05-11 18:45:00,1.49,79.6,77.6,79.7,11.2,11.2,11.2,78.96666666666665,1.7306880540312286,11.199999999999998,1.5860328923216526e-14,18.0,45.0,0.0,0.0
PatchTST_11KV_KUBERA,2026-05-11 18:48:00,1.53,82.5,78.8,81.7,11.2,11.2,11.2,81.0,2.716049382716053,11.199999999999998,1.5860328923216526e-14,18.0,48.0,0.0,0.0
PatchTST_11KV_KUBERA,2026-05-11 18:51:00,1.59,84.5,81.1,82.9,11.2,11.2,11.2,82.83333333333333,2.092555331991953,11.199999999999998,1.5860328923216526e-14,18.0,51.0,0.0,0.0
PatchTST_11KV_KUBERA,2026-05-11 18:54:00,1.57,85.4,81.7,84.0,11.2,11.1,11.2,83.7,2.389486260454002,11.166666666666666,0.5970149253731323,18.0,54.0,0.0,0.0
PatchTST_11KV_KUBERA,2026-05-11 18:57:00,1.64,88.3,85.0,86.7,11.1,11.1,11.1,86.66666666666667,1.9230769230769285,11.1,0.0,18.0,57.0,0.0,0.0
PatchTST_11KV_KUBERA,2026-05-11 19:00:00,1.6,87.8,84.2,87.2,11.0,11.0,11.1,86.39999999999999,2.5462962962962834,11.033333333333333,0.6042296072507531,19.0,0.0,0.0,0.0
PatchTST_11KV_KUBERA,2026-05-11 19:03:00,1.65,88.1,83.7,89.1,11.1,11.1,11.2,86.96666666666665,3.7562284400153145,11.133333333333333,0.5988023952095788,19.0,3.0,0.0,0.0
PatchTST_11KV_KUBERA,2026-05-11 19:06:00,1.64,88.1,84.5,87.2,11.2,11.1,11.2,86.60000000000001,2.4249422632794553,11.166666666666666,0.5970149253731323,19.0,6.0,0.0,0.0
PatchTST_11KV_KUBERA,2026-05-11 19:09:00,1.65,87.8,85.6,86.8,11.1,11.1,11.1,86.73333333333333,1.3066871637202229,11.1,0.0,19.0,9.0,0.0,0.0
PatchTST_11KV_KUBERA,2026-05-11 19:12:00,1.66,89.5,86.9,88.8,11.1,11.1,11.2,88.39999999999999,1.6968325791855043,11.133333333333333,0.5988023952095788,19.0,12.0,0.0,0.0
PatchTST_11KV_KUBERA,2026-05-11 19:15:00,1.72,90.2,87.9,90.5,11.1,11.1,11.1,89.53333333333335,1.8242740134028366,11.1,0.0,19.0,15.0,0.0,0.0
PatchTST_11KV_KUBERA,2026-05-11 19:18:00,1.71,91.7,89.1,89.7,11.1,11.0,11.1,90.16666666666667,1.7005545286506447,11.066666666666668,0.6024096385542307,19.0,18.0,0.0,0.0
PatchTST_11KV_KUBERA,2026-05-11 19:21:00,1.7,91.9,90.1,92.9,11.0,11.0,11.1,91.63333333333333,1.673335758457619,11.033333333333333,0.6042296072507531,19.0,21.0,0.0,0.0
PatchTST_11KV_KUBERA,2026-05-11 19:24:00,1.65,90.1,87.4,90.0,11.0,11.0,11.1,89.16666666666667,1.9813084112149522,11.033333333333333,0.6042296072507531,19.0,24.0,0.0,0.0
PatchTST_11KV_KUBERA,2026-05-11 19:27:00,1.66,91.0,87.0,88.2,11.0,11.0,11.1,88.73333333333333,2.554470323065363,11.033333333333333,0.6042296072507531,19.0,27.0,0.0,0.0
PatchTST_11KV_KUBERA,2026-05-11 19:30:00,1.68,90.2,87.3,89.7,11.0,11.0,11.1,89.06666666666666,1.9835329341317356,11.033333333333333,0.6042296072507531,19.0,30.0,0.0,0.0
PatchTST_11KV_KUBERA,2026-05-11 19:33:00,1.67,90.7,87.3,91.8,11.0,11.0,11.1,89.93333333333334,2.9280948851000814,11.033333333333333,0.6042296072507531,19.0,33.0,0.0,0.0
PatchTST_11KV_KUBERA,2026-05-11 19:36:00,1.79,96.7,93.8,94.9,11.1,11.0,11.1,95.13333333333333,1.6468114926419173,11.066666666666668,0.6024096385542307,19.0,36.0,0.0,0.0
PatchTST_11KV_KUBERA,2026-05-11 19:39:00,1.74,94.9,91.7,92.4,11.0,11.0,11.1,93.0,2.0430107526881782,11.033333333333333,0.6042296072507531,19.0,39.0,0.0,0.0
PatchTST_11KV_KUBERA,2026-05-11 19:42:00,1.69,91.7,91.5,90.4,11.0,11.0,11.1,91.2,0.8771929824561372,11.033333333333333,0.6042296072507531,19.0,42.0,0.0,0.0
PatchTST_11KV_KUBERA,2026-05-11 19:45:00,1.78,96.4,93.7,93.4,11.1,11.0,11.1,94.5,2.0105820105820165,11.066666666666668,0.6024096385542307,19.0,45.0,0.0,0.0
PatchTST_11KV_KUBERA,2026-05-11 19:48:00,1.8,98.4,95.7,96.1,11.1,11.1,11.1,96.73333333333335,1.7229496898690457,11.1,0.0,19.0,48.0,0.0,0.0
PatchTST_11KV_KUBERA,2026-05-11 19:51:00,1.82,97.1,94.6,96.3,11.1,11.1,11.2,96.0,1.4583333333333393,11.133333333333333,0.5988023952095788,19.0,51.0,0.0,0.0
PatchTST_11KV_KUBERA,2026-05-11 19:54:00,1.82,97.5,95.2,98.1,11.2,11.1,11.2,96.93333333333332,1.788170563961472,11.166666666666666,0.5970149253731323,19.0,54.0,0.0,0.0
PatchTST_11KV_KUBERA,2026-05-11 19:57:00,1.86,97.3,96.5,96.3,11.2,11.2,11.3,96.7,0.6204756980351543,11.233333333333334,0.5934718100890186,19.0,57.0,0.0,0.0
PatchTST_11KV_KUBERA,2026-05-11 20:00:00,1.84,97.0,93.6,95.1,11.2,11.2,11.3,95.23333333333333,1.855092754637731,11.233333333333334,0.5934718100890186,20.0,0.0,0.0,0.0
PatchTST_11KV_KUBERA,2026-05-11 20:03:00,1.82,99.1,96.3,96.6,11.3,11.3,11.3,97.33333333333333,1.815068493150684,11.300000000000002,1.5719972030090708e-14,20.0,3.0,0.0,0.0
PatchTST_11KV_KUBERA,2026-05-11 20:06:00,1.83,96.4,94.5,96.0,11.3,11.3,11.3,95.63333333333333,1.1850819100731884,11.300000000000002,1.5719972030090708e-14,20.0,6.0,0.0,0.0
PatchTST_11KV_KUBERA,2026-05-11 20:09:00,1.81,96.8,94.4,95.3,11.3,11.3,11.3,95.5,1.3612565445026148,11.300000000000002,1.5719972030090708e-14,20.0,9.0,0.0,0.0
PatchTST_11KV_KUBERA,2026-05-11 20:12:00,1.82,94.4,94.9,94.4,11.3,11.3,11.3,94.56666666666668,0.35248501938667104,11.300000000000002,1.5719972030090708e-14,20.0,12.0,0.0,0.0
PatchTST_11KV_KUBERA,2026-05-11 20:15:00,1.79,98.2,93.0,93.4,11.3,11.3,11.4,94.86666666666667,3.5137034434293692,11.333333333333334,0.588235294117645,20.0,15.0,0.0,0.0
PatchTST_11KV_KUBERA,2026-05-11 20:18:00,1.75,95.9,92.0,94.1,11.2,11.2,11.3,94.0,2.127659574468085,11.233333333333334,0.5934718100890186,20.0,18.0,0.0,0.0
PatchTST_11KV_KUBERA,2026-05-11 20:21:00,1.8,96.1,92.5,94.1,11.3,11.2,11.3,94.23333333333333,1.9808984789529467,11.266666666666666,0.5917159763313589,20.0,21.0,0.0,0.0
PatchTST_11KV_KUBERA,2026-05-11 20:24:00,1.76,94.3,90.8,93.1,11.3,11.2,11.3,92.73333333333333,2.0848310567936776,11.266666666666666,0.5917159763313589,20.0,24.0,0.0,0.0
PatchTST_11KV_KUBERA,2026-05-11 20:27:00,1.78,95.3,91.4,95.2,11.2,11.2,11.2,93.96666666666665,2.7314650585313753,11.199999999999998,1.5860328923216526e-14,20.0,27.0,0.0,0.0
PatchTST_11KV_KUBERA,2026-05-11 20:30:00,1.79,96.4,91.7,94.7,11.3,11.3,11.4,94.26666666666667,2.722772277227719,11.333333333333334,0.588235294117645,20.0,30.0,0.0,0.0
PatchTST_11KV_KUBERA,2026-05-11 20:33:00,1.8,95.5,92.4,93.9,11.4,11.3,11.4,93.93333333333334,1.6678495386799108,11.366666666666667,0.5865102639296167,20.0,33.0,0.0,0.0
PatchTST_11KV_KUBERA,2026-05-11 20:36:00,1.73,92.2,91.6,94.5,11.4,11.3,11.4,92.76666666666667,1.8684872439813163,11.366666666666667,0.5865102639296167,20.0,36.0,0.0,0.0
PatchTST_11KV_KUBERA,2026-05-11 20:39:00,1.75,92.8,90.8,92.7,11.3,11.3,11.3,92.10000000000001,1.4115092290988178,11.300000000000002,1.5719972030090708e-14,20.0,39.0,0.0,0.0
PatchTST_11KV_KUBERA,2026-05-11 20:42:00,1.73,94.0,90.4,93.0,11.3,11.2,11.3,92.46666666666665,2.235039653929325,11.266666666666666,0.5917159763313589,20.0,42.0,0.0,0.0
PatchTST_11KV_KUBERA,2026-05-11 20:45:00,1.74,93.2,89.0,92.6,11.3,11.2,11.3,91.59999999999998,2.838427947598232,11.266666666666666,0.5917159763313589,20.0,45.0,0.0,0.0
PatchTST_11KV_KUBERA,2026-05-11 20:48:00,1.74,94.8,89.0,93.2,11.3,11.3,11.3,92.33333333333333,3.6101083032490924,11.300000000000002,1.5719972030090708e-14,20.0,48.0,0.0,0.0
PatchTST_11KV_KUBERA,2026-05-11 20:51:00,1.73,92.9,88.7,92.2,11.3,11.3,11.3,91.26666666666667,2.8122717311906458,11.300000000000002,1.5719972030090708e-14,20.0,51.0,0.0,0.0
PatchTST_11KV_KUBERA,2026-05-11 20:54:00,1.73,91.6,88.7,92.0,11.3,11.3,11.4,90.76666666666667,2.276900477414612,11.333333333333334,0.588235294117645,20.0,54.0,0.0,0.0
PatchTST_11KV_KUBERA,2026-05-11 20:57:00,1.72,91.0,88.0,90.6,11.4,11.3,11.3,89.86666666666667,2.077151335311581,11.333333333333334,0.588235294117645,20.0,57.0,0.0,0.0
PatchTST_11KV_KUBERA,2026-05-11 21:00:00,1.75,92.3,88.1,90.8,11.4,11.4,11.4,90.39999999999999,2.5442477876106167,11.4,0.0,21.0,0.0,0.0,0.0
PatchTST_11KV_KUBERA,2026-05-11 21:03:00,1.73,92.3,90.4,91.4,11.4,11.3,11.4,91.36666666666667,1.0580080262677876,11.366666666666667,0.5865102639296167,21.0,3.0,0.0,0.0
PatchTST_11KV_KUBERA,2026-05-11 21:06:00,1.75,92.0,88.1,91.4,11.4,11.3,11.4,90.5,2.6519337016574647,11.366666666666667,0.5865102639296167,21.0,6.0,0.0,0.0
PatchTST_11KV_KUBERA,2026-05-11 21:09:00,1.76,91.8,89.0,92.4,11.3,11.2,11.3,91.06666666666668,2.2693997071742427,11.266666666666666,0.5917159763313589,21.0,9.0,0.0,0.0
PatchTST_11KV_KUBERA,2026-05-11 21:12:00,1.72,92.1,87.1,92.2,11.3,11.3,11.3,90.46666666666665,3.7214443625644735,11.300000000000002,1.5719972030090708e-14,21.0,12.0,0.0,0.0
PatchTST_11KV_KUBERA,2026-05-11 21:15:00,1.75,92.7,87.3,92.1,11.3,11.3,11.4,90.7,3.748621830209488,11.333333333333334,0.588235294117645,21.0,15.0,0.0,0.0
PatchTST_11KV_KUBERA,2026-05-11 21:18:00,1.75,92.3,88.2,92.1,11.3,11.3,11.4,90.86666666666667,2.934702861335295,11.333333333333334,0.588235294117645,21.0,18.0,0.0,0.0
PatchTST_11KV_KUBERA,2026-05-11 21:21:00,1.75,92.0,87.4,91.4,11.4,11.4,11.4,90.26666666666667,3.1757754800590767,11.4,0.0,21.0,21.0,0.0,0.0
PatchTST_11KV_KUBERA,2026-05-11 21:24:00,1.72,91.2,86.2,90.5,11.4,11.4,11.5,89.3,3.4714445688689746,11.433333333333332,0.5830903790087599,21.0,24.0,0.0,0.0
PatchTST_11KV_KUBERA,2026-05-11 21:27:00,1.68,88.8,85.2,88.9,11.4,11.3,11.4,87.63333333333333,2.776721186763016,11.366666666666667,0.5865102639296167,21.0,27.0,0.0,0.0
PatchTST_11KV_KUBERA,2026-05-11 21:30:00,1.67,89.0,84.6,88.9,11.4,11.4,11.4,87.5,3.3142857142857207,11.4,0.0,21.0,30.0,0.0,0.0
PatchTST_11KV_KUBERA,2026-05-11 21:33:00,1.68,88.5,83.8,88.1,11.4,11.4,11.4,86.8,3.456221198156682,11.4,0.0,21.0,33.0,0.0,0.0
PatchTST_11KV_KUBERA,2026-05-11 21:36:00,1.67,89.2,83.8,87.9,11.4,11.4,11.4,86.96666666666665,3.641241855116893,11.4,0.0,21.0,36.0,0.0,0.0
PatchTST_11KV_KUBERA,2026-05-11 21:39:00,1.67,89.2,83.7,88.9,11.2,11.2,11.2,87.26666666666667,4.087089381207024,11.199999999999998,1.5860328923216526e-14,21.0,39.0,0.0,0.0
PatchTST_11KV_KUBERA,2026-05-11 21:42:00,1.62,89.2,83.7,89.0,11.2,11.2,11.2,87.3,4.123711340206179,11.199999999999998,1.5860328923216526e-14,21.0,42.0,0.0,0.0
PatchTST_11KV_KUBERA,2026-05-11 21:45:00,1.62,89.1,83.7,88.8,10.9,10.9,10.9,87.2,4.013761467889908,10.9,0.0,21.0,45.0,0.0,0.0
PatchTST_11KV_KUBERA,2026-05-11 21:48:00,1.62,89.1,83.7,87.1,10.9,10.9,10.9,86.63333333333333,3.3859176606386954,10.9,0.0,21.0,48.0,0.0,0.0
PatchTST_11KV_KUBERA,2026-05-11 21:51:00,1.64,88.5,83.0,87.4,10.9,10.9,11.0,86.3,3.8238702201622217,10.933333333333332,0.6097560975609898,21.0,51.0,0.0,0.0
PatchTST_11KV_KUBERA,2026-05-11 21:54:00,1.62,87.6,85.7,87.4,11.0,11.0,11.0,86.90000000000002,1.3808975834292483,11.0,0.0,21.0,54.0,0.0,0.0
PatchTST_11KV_KUBERA,2026-05-11 21:57:00,1.62,86.7,83.3,86.7,11.0,11.0,11.0,85.56666666666666,2.649006622516555,11.0,0.0,21.0,57.0,0.0,0.0
PatchTST_11KV_KUBERA,2026-05-11 22:00:00,1.63,86.8,85.5,86.9,11.0,11.0,11.0,86.40000000000002,1.0416666666666894,11.0,0.0,22.0,0.0,0.0,0.0
PatchTST_11KV_KUBERA,2026-05-11 22:03:00,1.61,86.8,85.5,86.9,11.0,11.0,11.0,86.40000000000002,1.0416666666666894,11.0,0.0,22.0,3.0,0.0,0.0
PatchTST_11KV_KUBERA,2026-05-11 22:06:00,1.61,86.8,85.5,86.9,11.0,11.0,11.0,86.40000000000002,1.0416666666666894,11.0,0.0,22.0,6.0,0.0,0.0
PatchTST_11KV_KUBERA,2026-05-11 22:09:00,1.61,86.8,85.5,86.9,11.0,11.0,11.0,86.40000000000002,1.0416666666666894,11.0,0.0,22.0,9.0,0.0,0.0
PatchTST_11KV_KUBERA,2026-05-11 22:12:00,1.63,86.8,85.5,86.9,11.0,11.0,11.0,86.40000000000002,1.0416666666666894,11.0,0.0,22.0,12.0,0.0,0.0
PatchTST_11KV_KUBERA,2026-05-11 22:15:00,1.53,83.6,78.6,86.4,11.0,10.9,11.0,82.86666666666666,5.148833467417537,10.966666666666667,0.6079027355623079,22.0,15.0,0.0,0.0
PatchTST_11KV_KUBERA,2026-05-11 22:18:00,1.55,83.0,80.7,85.9,11.0,10.9,10.9,83.2,3.245192307692311,10.933333333333332,0.6097560975609898,22.0,18.0,0.0,0.0
PatchTST_11KV_KUBERA,2026-05-11 22:21:00,1.54,85.5,82.1,85.4,10.9,10.9,10.9,84.33333333333333,2.648221343873519,10.9,0.0,22.0,21.0,0.0,0.0
PatchTST_11KV_KUBERA,2026-05-11 22:24:00,1.55,83.9,82.3,84.9,11.0,10.9,11.0,83.7,1.6726403823178084,10.966666666666667,0.6079027355623079,22.0,24.0,0.0,0.0
PatchTST_11KV_KUBERA,2026-05-11 22:27:00,1.57,87.7,84.0,86.0,11.0,10.9,11.0,85.89999999999999,2.2118742724097693,10.966666666666667,0.6079027355623079,22.0,27.0,0.0,0.0
PatchTST_11KV_KUBERA,2026-05-11 22:30:00,1.57,83.8,80.4,84.7,11.0,11.0,11.0,82.96666666666665,3.0936118923262144,11.0,0.0,22.0,30.0,0.0,0.0
PatchTST_11KV_KUBERA,2026-05-11 22:33:00,1.55,83.5,81.3,83.0,11.0,11.0,11.0,82.60000000000001,1.5738498789346382,11.0,0.0,22.0,33.0,0.0,0.0
PatchTST_11KV_KUBERA,2026-05-11 22:36:00,1.59,85.6,80.6,85.0,11.0,11.0,11.0,83.73333333333333,3.7420382165605175,11.0,0.0,22.0,36.0,0.0,0.0
PatchTST_11KV_KUBERA,2026-05-11 22:39:00,1.6,86.5,82.6,85.9,11.0,10.9,11.0,85.0,2.8235294117647127,10.966666666666667,0.6079027355623079,22.0,39.0,0.0,0.0
PatchTST_11KV_KUBERA,2026-05-11 22:42:00,1.59,87.3,83.5,86.0,11.0,11.0,11.0,85.60000000000001,2.453271028037393,11.0,0.0,22.0,42.0,0.0,0.0
PatchTST_11KV_KUBERA,2026-05-11 22:45:00,1.6,86.9,82.9,85.2,11.1,11.0,11.1,85.0,2.470588235294111,11.066666666666668,0.6024096385542307,22.0,45.0,0.0,0.0
PatchTST_11KV_KUBERA,2026-05-11 22:48:00,1.61,87.0,84.0,85.2,11.1,11.0,11.1,85.39999999999999,1.873536299765818,11.066666666666668,0.6024096385542307,22.0,48.0,0.0,0.0
PatchTST_11KV_KUBERA,2026-05-11 22:51:00,1.58,85.6,82.4,84.6,11.0,11.0,11.1,84.2,2.1377672209026093,11.033333333333333,0.6042296072507531,22.0,51.0,0.0,0.0
PatchTST_11KV_KUBERA,2026-05-11 22:54:00,1.58,84.4,81.1,83.0,11.1,11.1,11.1,82.83333333333333,2.092555331991953,11.1,0.0,22.0,54.0,0.0,0.0
PatchTST_11KV_KUBERA,2026-05-11 22:57:00,1.6,86.8,83.2,85.6,11.2,11.1,11.2,85.2,2.347417840375587,11.166666666666666,0.5970149253731323,22.0,57.0,0.0,0.0
PatchTST_11KV_KUBERA,2026-05-11 23:00:00,1.6,85.3,82.3,85.5,11.2,11.1,11.2,84.36666666666666,2.449624654286839,11.166666666666666,0.5970149253731323,23.0,0.0,0.0,0.0
PatchTST_11KV_KUBERA,2026-05-11 23:03:00,1.62,85.6,82.7,86.4,11.1,11.1,11.2,84.9,2.5912838633686723,11.133333333333333,0.5988023952095788,23.0,3.0,0.0,0.0
PatchTST_11KV_KUBERA,2026-05-11 23:06:00,1.61,85.7,82.6,86.9,11.1,11.1,11.2,85.06666666666668,2.899686520376194,11.133333333333333,0.5988023952095788,23.0,6.0,0.0,0.0
PatchTST_11KV_KUBERA,2026-05-11 23:09:00,1.6,85.0,83.2,86.5,11.1,11.1,11.2,84.89999999999999,2.002355712603049,11.133333333333333,0.5988023952095788,23.0,9.0,0.0,0.0
PatchTST_11KV_KUBERA,2026-05-11 23:12:00,1.63,87.2,83.2,88.4,11.1,11.1,11.1,86.26666666666667,3.5548686244203975,11.1,0.0,23.0,12.0,0.0,0.0
PatchTST_11KV_KUBERA,2026-05-11 23:15:00,1.62,86.9,82.8,88.7,11.1,11.0,11.1,86.13333333333333,3.869969040247673,11.066666666666668,0.6024096385542307,23.0,15.0,0.0,0.0
PatchTST_11KV_KUBERA,2026-05-11 23:18:00,1.71,91.5,87.8,93.2,11.0,11.0,11.1,90.83333333333333,3.339449541284402,11.033333333333333,0.6042296072507531,23.0,18.0,0.0,0.0
PatchTST_11KV_KUBERA,2026-05-11 23:21:00,1.7,91.7,87.5,93.7,11.0,10.9,11.0,90.96666666666665,3.810919750824465,10.966666666666667,0.6079027355623079,23.0,21.0,0.0,0.0
PatchTST_11KV_KUBERA,2026-05-11 23:24:00,1.71,92.4,87.7,93.7,11.0,11.0,11.0,91.26666666666667,3.9079620160701203,11.0,0.0,23.0,24.0,0.0,0.0
PatchTST_11KV_KUBERA,2026-05-11 23:27:00,1.61,86.2,83.2,88.4,10.9,10.9,11.0,85.93333333333334,3.1807602792862695,10.933333333333332,0.6097560975609898,23.0,27.0,0.0,0.0
PatchTST_11KV_KUBERA,2026-05-11 23:30:00,1.64,86.4,85.8,95.0,10.9,10.9,11.0,89.06666666666666,6.661676646706591,10.933333333333332,0.6097560975609898,23.0,30.0,0.0,0.0
PatchTST_11KV_KUBERA,2026-05-11 23:33:00,1.61,87.5,83.2,88.4,11.0,10.9,11.0,86.36666666666667,3.666538016209963,10.966666666666667,0.6079027355623079,23.0,33.0,0.0,0.0
PatchTST_11KV_KUBERA,2026-05-11 23:36:00,1.61,86.0,83.2,87.9,11.0,11.0,11.1,85.7,2.9171528588098017,11.033333333333333,0.6042296072507531,23.0,36.0,0.0,0.0
PatchTST_11KV_KUBERA,2026-05-11 23:39:00,1.7,90.2,87.4,93.3,11.0,11.0,11.0,90.30000000000001,3.3222591362126086,11.0,0.0,23.0,39.0,0.0,0.0
PatchTST_11KV_KUBERA,2026-05-11 23:42:00,1.7,88.7,87.9,92.3,11.1,11.0,11.1,89.63333333333334,2.975083674228327,11.066666666666668,0.6024096385542307,23.0,42.0,0.0,0.0
PatchTST_11KV_KUBERA,2026-05-11 23:45:00,1.69,89.1,87.2,92.6,11.1,11.0,11.1,89.63333333333333,3.309780587579028,11.066666666666668,0.6024096385542307,23.0,45.0,0.0,0.0
PatchTST_11KV_KUBERA,2026-05-11 23:48:00,1.62,86.7,84.3,89.5,11.1,11.1,11.1,86.83333333333333,3.0710172744721747,11.1,0.0,23.0,48.0,0.0,0.0
PatchTST_11KV_KUBERA,2026-05-11 23:51:00,1.64,83.9,83.8,88.4,11.1,11.1,11.1,85.36666666666667,3.553299492385784,11.1,0.0,23.0,51.0,0.0,0.0
PatchTST_11KV_KUBERA,2026-05-11 23:54:00,1.68,88.2,86.6,91.4,11.1,11.1,11.1,88.73333333333335,3.0052592036063,11.1,0.0,23.0,54.0,0.0,0.0
PatchTST_11KV_KUBERA,2026-05-11 23:57:00,1.67,88.0,85.9,90.7,11.1,11.0,11.1,88.2,2.834467120181406,11.066666666666668,0.6024096385542307,23.0,57.0,0.0,0.0
PatchTST_11KV_KUBERA,2026-05-12 00:00:00,1.67,86.8,86.4,92.0,11.1,11.0,11.1,88.39999999999999,4.072398190045259,11.066666666666668,0.6024096385542307,0.0,0.0,1.0,0.0
PatchTST_11KV_KUBERA,2026-05-12 00:03:00,1.65,86.9,86.9,91.0,11.1,11.0,11.1,88.26666666666667,3.096676737160122,11.066666666666668,0.6024096385542307,0.0,3.0,1.0,0.0
PatchTST_11KV_KUBERA,2026-05-12 00:06:00,1.66,87.7,86.3,91.2,11.0,11.0,11.0,88.39999999999999,3.167420814479651,11.0,0.0,0.0,6.0,1.0,0.0
PatchTST_11KV_KUBERA,2026-05-12 00:09:00,1.55,80.7,81.0,84.4,11.0,11.0,11.1,82.03333333333333,2.885006095083309,11.033333333333333,0.6042296072507531,0.0,9.0,1.0,0.0
PatchTST_11KV_KUBERA,2026-05-12 00:12:00,1.55,80.4,80.1,84.5,11.0,11.0,11.1,81.66666666666667,3.469387755102035,11.033333333333333,0.6042296072507531,0.0,12.0,1.0,0.0
PatchTST_11KV_KUBERA,2026-05-12 00:15:00,1.55,83.7,84.2,88.6,11.0,11.0,11.1,85.5,3.62573099415204,11.033333333333333,0.6042296072507531,0.0,15.0,1.0,0.0
PatchTST_11KV_KUBERA,2026-05-12 00:18:00,1.63,85.8,84.1,90.2,11.0,11.0,11.0,86.69999999999999,4.0369088811995555,11.0,0.0,0.0,18.0,1.0,0.0
PatchTST_11KV_KUBERA,2026-05-12 00:21:00,1.62,85.5,84.0,89.5,11.0,11.0,11.0,86.33333333333333,3.6679536679536735,11.0,0.0,0.0,21.0,1.0,0.0
PatchTST_11KV_KUBERA,2026-05-12 00:24:00,1.62,85.4,83.8,88.6,11.0,11.0,11.0,85.93333333333332,3.103180760279292,11.0,0.0,0.0,24.0,1.0,0.0
PatchTST_11KV_KUBERA,2026-05-12 00:27:00,1.6,84.4,82.3,87.4,11.0,11.0,11.1,84.7,3.1877213695395548,11.033333333333333,0.6042296072507531,0.0,27.0,1.0,0.0
PatchTST_11KV_KUBERA,2026-05-12 00:30:00,1.61,84.3,82.5,88.8,11.0,11.0,11.0,85.2,4.22535211267605,11.0,0.0,0.0,30.0,1.0,0.0
PatchTST_11KV_KUBERA,2026-05-12 00:33:00,1.61,84.0,82.3,89.1,11.1,11.0,11.1,85.13333333333334,4.659357870007816,11.066666666666668,0.6024096385542307,0.0,33.0,1.0,0.0
PatchTST_11KV_KUBERA,2026-05-12 00:36:00,1.59,84.1,82.3,86.5,11.1,11.0,11.1,84.3,2.609727164887311,11.066666666666668,0.6024096385542307,0.0,36.0,1.0,0.0
PatchTST_11KV_KUBERA,2026-05-12 00:39:00,1.64,84.6,81.5,87.9,11.1,11.0,11.1,84.66666666666667,3.8188976377952764,11.066666666666668,0.6024096385542307,0.0,39.0,1.0,0.0
PatchTST_11KV_KUBERA,2026-05-12 00:42:00,1.58,83.5,81.5,86.8,11.1,11.0,11.1,83.93333333333334,3.415409054805393,11.066666666666668,0.6024096385542307,0.0,42.0,1.0,0.0
PatchTST_11KV_KUBERA,2026-05-12 00:45:00,1.47,82.4,80.6,80.4,11.1,11.0,11.1,81.13333333333334,1.5612161051766626,11.066666666666668,0.6024096385542307,0.0,45.0,1.0,0.0
PatchTST_11KV_KUBERA,2026-05-12 00:48:00,1.5,81.3,79.7,82.05000000000001,11.1,11.05,11.1,81.01666666666667,1.6251800041143751,11.083333333333334,0.30075187969924705,0.0,48.0,1.0,0.0
PatchTST_11KV_KUBERA,2026-05-12 00:51:00,1.53,80.2,78.8,83.7,11.1,11.1,11.1,80.89999999999999,3.4610630407911147,11.1,0.0,0.0,51.0,1.0,0.0
PatchTST_11KV_KUBERA,2026-05-12 00:54:00,1.52,79.9,78.1,83.2,11.1,11.1,11.1,80.39999999999999,3.4825870646766313,11.1,0.0,0.0,54.0,1.0,0.0
PatchTST_11KV_KUBERA,2026-05-12 00:57:00,1.52,79.9,78.65,78.7,11.2,11.1,11.2,79.08333333333333,1.0326659641728266,11.166666666666666,0.5970149253731323,0.0,57.0,1.0,0.0
PatchTST_11KV_KUBERA,2026-05-12 01:00:00,1.5150000000000001,79.9,79.2,83.2,11.2,11.1,11.2,80.76666666666667,3.0127940569541938,11.166666666666666,0.5970149253731323,1.0,0.0,1.0,0.0
PatchTST_11KV_KUBERA,2026-05-12 01:03:00,1.51,78.6,78.0,81.6,11.2,11.1,11.2,79.39999999999999,2.7707808564231775,11.166666666666666,0.5970149253731323,1.0,3.0,1.0,0.0
PatchTST_11KV_KUBERA,2026-05-12 01:06:00,1.52,79.2,77.9,83.0,11.2,11.1,11.2,80.03333333333335,3.706788837984157,11.166666666666666,0.5970149253731323,1.0,6.0,1.0,0.0
PatchTST_11KV_KUBERA,2026-05-12 01:09:00,1.51,78.5,78.1,82.6,11.2,11.1,11.2,79.73333333333333,3.5953177257525,11.166666666666666,0.5970149253731323,1.0,9.0,1.0,0.0
PatchTST_11KV_KUBERA,2026-05-12 01:12:00,1.51,78.9,78.2,82.1,11.2,11.1,11.2,79.73333333333333,2.9682274247491556,11.166666666666666,0.5970149253731323,1.0,12.0,1.0,0.0
PatchTST_11KV_KUBERA,2026-05-12 01:15:00,1.51,78.3,78.3,82.2,11.2,11.1,11.2,79.60000000000001,3.26633165829145,11.166666666666666,0.5970149253731323,1.0,15.0,1.0,0.0
PatchTST_11KV_KUBERA,2026-05-12 01:18:00,1.51,77.9,78.0,81.8,11.2,11.2,11.2,79.23333333333333,3.239377366428266,11.199999999999998,1.5860328923216526e-14,1.0,18.0,1.0,0.0
PatchTST_11KV_KUBERA,2026-05-12 01:21:00,1.51,78.2,78.0,81.8,11.2,11.1,11.2,79.33333333333333,3.1092436974789943,11.166666666666666,0.5970149253731323,1.0,21.0,1.0,0.0
PatchTST_11KV_KUBERA,2026-05-12 01:24:00,1.52,79.2,77.4,82.4,11.2,11.1,11.2,79.66666666666667,3.4309623430962355,11.166666666666666,0.5970149253731323,1.0,24.0,1.0,0.0
PatchTST_11KV_KUBERA,2026-05-12 01:27:00,1.5,77.3,77.4,81.2,11.2,11.2,11.2,78.63333333333333,3.264094955489628,11.199999999999998,1.5860328923216526e-14,1.0,27.0,1.0,0.0
PatchTST_11KV_KUBERA,2026-05-12 01:30:00,1.5,78.9,76.5,81.3,11.2,11.2,11.2,78.89999999999999,3.0418250950570416,11.199999999999998,1.5860328923216526e-14,1.0,30.0,1.0,0.0
PatchTST_11KV_KUBERA,2026-05-12 01:33:00,1.5,77.9,76.8,81.0,11.2,11.2,11.2,78.56666666666666,3.0971574034790037,11.199999999999998,1.5860328923216526e-14,1.0,33.0,1.0,0.0
PatchTST_11KV_KUBERA,2026-05-12 01:36:00,1.51,79.4,77.3,81.7,11.2,11.2,11.2,79.46666666666665,2.810402684563778,11.199999999999998,1.5860328923216526e-14,1.0,36.0,1.0,0.0
PatchTST_11KV_KUBERA,2026-05-12 01:39:00,1.49,76.6,76.0,79.9,11.2,11.2,11.2,77.5,3.0967741935483946,11.199999999999998,1.5860328923216526e-14,1.0,39.0,1.0,0.0
PatchTST_11KV_KUBERA,2026-05-12 01:42:00,1.49,77.7,76.4,81.5,11.2,11.1,11.2,78.53333333333335,3.7775891341256203,11.166666666666666,0.5970149253731323,1.0,42.0,1.0,0.0
PatchTST_11KV_KUBERA,2026-05-12 01:45:00,1.48,77.9,76.2,80.2,11.1,11.1,11.1,78.10000000000001,2.688860435339301,11.1,0.0,1.0,45.0,1.0,0.0
PatchTST_11KV_KUBERA,2026-05-12 01:48:00,1.5,77.7,76.7,80.8,11.2,11.1,11.2,78.39999999999999,3.0612244897959258,11.166666666666666,0.5970149253731323,1.0,48.0,1.0,0.0
PatchTST_11KV_KUBERA,2026-05-12 01:51:00,1.46,76.4,76.1,79.3,11.2,11.1,11.2,77.26666666666667,2.6315789473684186,11.166666666666666,0.5970149253731323,1.0,51.0,1.0,0.0
PatchTST_11KV_KUBERA,2026-05-12 01:54:00,1.46,75.8,74.8,79.7,11.2,11.2,11.2,76.76666666666667,3.8211029092488107,11.199999999999998,1.5860328923216526e-14,1.0,54.0,1.0,0.0
PatchTST_11KV_KUBERA,2026-05-12 01:57:00,1.47,76.4,75.4,79.7,11.2,11.2,11.2,77.16666666666667,3.2829373650107967,11.199999999999998,1.5860328923216526e-14,1.0,57.0,1.0,0.0
PatchTST_11KV_KUBERA,2026-05-12 02:00:00,1.47,75.6,75.1,77.9,11.3,11.2,11.3,76.2,2.2309711286089273,11.266666666666666,0.5917159763313589,2.0,0.0,1.0,0.0
PatchTST_11KV_KUBERA,2026-05-12 02:03:00,1.45,75.3,74.2,78.8,11.2,11.2,11.2,76.10000000000001,3.547963206307475,11.199999999999998,1.5860328923216526e-14,2.0,3.0,1.0,0.0
PatchTST_11KV_KUBERA,2026-05-12 02:06:00,1.45,75.4,73.7,78.6,11.2,11.2,11.2,75.9,3.5573122529644117,11.199999999999998,1.5860328923216526e-14,2.0,6.0,1.0,0.0
PatchTST_11KV_KUBERA,2026-05-12 02:09:00,1.44,74.6,74.0,78.3,11.2,11.1,11.2,75.63333333333333,3.525782282944035,11.166666666666666,0.5970149253731323,2.0,9.0,1.0,0.0
PatchTST_11KV_KUBERA,2026-05-12 02:12:00,1.43,74.8,73.2,77.2,11.1,11.1,11.2,75.06666666666666,2.841918294849032,11.133333333333333,0.5988023952095788,2.0,12.0,1.0,0.0
PatchTST_11KV_KUBERA,2026-05-12 02:15:00,1.43,74.1,73.0,78.3,11.2,11.1,11.2,75.13333333333333,4.21472937000888,11.166666666666666,0.5970149253731323,2.0,15.0,1.0,0.0
PatchTST_11KV_KUBERA,2026-05-12 02:18:00,1.39,73.1,72.3,76.7,11.2,11.1,11.2,74.03333333333332,3.601981089599306,11.166666666666666,0.5970149253731323,2.0,18.0,1.0,0.0
PatchTST_11KV_KUBERA,2026-05-12 02:21:00,1.39,73.1,69.2,76.7,11.2,11.1,11.2,73.0,5.2054794520547905,11.166666666666666,0.5970149253731323,2.0,21.0,1.0,0.0
